id,marca,nombre,codigo,desc,familia,talles,precio_uno,precio_tres,precio_cantidad

boxer-ciudadela,BOXER TOM,PROMO BOXER CIUDADELA,48-5114,Boxer TOM,Boxer,S|M|L|XL|XXL,5000,4000,3000
promo-pack,PACK,PROMO PACK,27-111,Pack Dama,PACK,ÚNICO,4000,4000,4000
promo-pack,PACK,PROMO PACK,27-112,Pack Nenas,PACK,ÚNICO,4000,4000,4000
promo-pack,PACK,PROMO PACK,27-113,Pack,PACK,ÚNICO,4000,4000,4000
mora-medias-3000,MORA,PROMO MEDIAS MORA,09-2556,Media soquete transparente,Medias,ÚNICO,3000,3000,3000
mora-medias-3000,MORA,PROMO MEDIAS MORA,09-2519,Media 3/4 fantasía,Medias,ÚNICO,3000,3000,3000
mora-medias-3000,MORA,PROMO MEDIAS MORA,09-1364,Soquete piqué colores,Medias,ÚNICO,3000,3000,3000
mora-medias-3000,MORA,PROMO MEDIAS MORA,09-2562,Soquete gloria,Medias,ÚNICO,3000,3000,3000
mora-medias-3000,MORA,PROMO MEDIAS MORA,09-1347,Tobillera yoga toeless,Medias,ÚNICO,3000,3000,3000
mora-medias-3000,MORA,PROMO MEDIAS MORA,09-2492,Panty Fantasía Flower,Medias,ÚNICO,3000,3000,3000
mora-medias-3000,MORA,PROMO MEDIAS MORA,09-2462,Medias panty algodón rayas,Medias,ÚNICO,3000,3000,3000
mora-medias-3000,MORA,PROMO MEDIAS MORA,09-1302,Tobilleras algodón lycra invisible,Medias,ÚNICO,3000,3000,3000
mora-medias-3000,MORA,PROMO MEDIAS MORA,09-2483,Medias 3/4 escocia gruesa,Medias,ÚNICO,3000,3000,3000
mora-medias-3000,MORA,PROMO MEDIAS MORA,09-2482,Panty escocia,Medias,ÚNICO,3000,3000,3000
mora-medias-3000,MORA,PROMO MEDIAS MORA,09-2467,Medias 3/4 comic,Medias,ÚNICO,3000,3000,3000
mora-medias-3000,MORA,PROMO MEDIAS MORA,09-2554,Panty life,Medias,ÚNICO,3000,3000,3000
mora-medias-3000,MORA,PROMO MEDIAS MORA,09-2605,Media Mora,Medias,ÚNICO,3000,3000,3000
mora-medias-3000,MORA,PROMO MEDIAS MORA,09-2566,Panty,Medias,ÚNICO,3000,3000,3000
mora-medias-3000,MORA,PROMO MEDIAS MORA,09-2394,Media 3/4 finas,Medias,ÚNICO,3000,3000,3000
mora-medias-3000,MORA,PROMO MEDIAS MORA,09-2429,Panty lycra fina hojas,Medias,ÚNICO,3000,3000,3000
mora-medias-3000,MORA,PROMO MEDIAS MORA,09-2436,Medias Ultra Opaca Morley,Medias,ÚNICO,3000,3000,3000
mora-medias-3000,MORA,PROMO MEDIAS MORA,09-2417,Panty brillos lurex,Medias,ÚNICO,3000,3000,3000
mora-medias-3000,MORA,PROMO MEDIAS MORA,09-2496,Panty media fina lycra mini fantasía,Medias,ÚNICO,3000,3000,3000
mora-medias-3000,MORA,PROMO MEDIAS MORA,09-2555,Media transparente rayada,Medias,ÚNICO,3000,3000,3000
mora-medias-3000,MORA,PROMO MEDIAS MORA,09-2579,Soquete cuore,Medias,ÚNICO,3000,3000,3000
mora-medias-3000,MORA,PROMO MEDIAS MORA,09-2509,Panty kitty infantil,Medias,ÚNICO,3000,3000,3000
mora-medias-3000,MORA,PROMO MEDIAS MORA,09-2518,Panty ribbon,Medias,ÚNICO,3000,3000,3000
mora-medias-3000,MORA,PROMO MEDIAS MORA,09-2584,Media soquete lurex,Medias,ÚNICO,3000,3000,3000
mora-bombachas-3000,MORA,PROMO BOMBACHAS MORA,09-87,Wonder Mod Tiro Corto Clásica,Bombachas,S|M|L|XL,3000,3000,3000
mora-bombachas-3000,MORA,PROMO BOMBACHAS MORA,09-043,Vedetina algodón lycra estampada/puntilla,Bombachas,S|M|L|XL,3000,3000,3000
mora-bombachas-3000,MORA,PROMO BOMBACHAS MORA,09-88,Wonder Mod Short,Bombachas,S|M|L|XL,3000,3000,3000
mora-bombachas-3000,MORA,PROMO BOMBACHAS MORA,09-042,Colaless algodón puntilla,Bombachas,S|M|L|XL,3000,3000,3000
mora-bombachas-3000,MORA,PROMO BOMBACHAS MORA,09-422,Colaless viena microfibra,Bombachas,S|M|L|XL,3000,3000,3000
mora-bombachas-3000,MORA,PROMO BOMBACHAS MORA,09-423,Vedetina viena microfibra,Bombachas,S|M|L|XL,3000,3000,3000
mora-bombachas-3000,MORA,PROMO BOMBACHAS MORA,09-451,Culote animal print,Bombachas,S|M|L|XL,3000,3000,3000
mora-bombachas-3000,MORA,PROMO BOMBACHAS MORA,09-424,Culoteless microfibra viena,Bombachas,S|M|L|XL,3000,3000,3000
mora-medias-4000,MORA,PROMO MEDIAS MORA,09-2577,Mini medias soquete gloria,Medias,ÚNICO,4000,4000,4000
mora-medias-4000,MORA,PROMO MEDIAS MORA,09-2565,Soquete charo lycra rosas,Medias,ÚNICO,4000,4000,4000
mora-medias-4000,MORA,PROMO MEDIAS MORA,09-2617,Media caña escocesa,Medias,ÚNICO,4000,4000,4000
mora-medias-4000,MORA,PROMO MEDIAS MORA,09-2616,Media caña escocesa,Medias,ÚNICO,4000,4000,4000
mora-medias-4000,MORA,PROMO MEDIAS MORA,09-2574,Media 3/4 velvet fantasía,Medias,ÚNICO,4000,4000,4000
mora-medias-4000,MORA,PROMO MEDIAS MORA,09-1241,Media soquete con moño razo,Medias,ÚNICO,4000,4000,4000
mora-medias-4000,MORA,PROMO MEDIAS MORA,09-1354,Media 3/4 tramas winter,Medias,ÚNICO,4000,4000,4000
mora-medias-4000,MORA,PROMO MEDIAS MORA,09-1505,Panty multifilamento transparente,Medias,ÚNICO,4000,4000,4000
mora-medias-4000,MORA,PROMO MEDIAS MORA,09-2528,Panty Kids corazón rodilla,Medias,ÚNICO,4000,4000,4000
mora-medias-4000,MORA,PROMO MEDIAS MORA,09-2612,Media 3/4 fantasía finas,Medias,ÚNICO,4000,4000,4000
mora-medias-6000,MORA,PROMO MEDIAS MORA,09-2549,Panty kids Había una vez,Medias,ÚNICO,6000,6000,6000
mora-medias-6000,MORA,PROMO MEDIAS MORA,09-2548,Panty kids lunas y estrellas,Medias,ÚNICO,6000,6000,6000
mora-medias-6000,MORA,PROMO MEDIAS MORA,09-1270,Medias liga bucanera,Medias,ÚNICO,6000,6000,6000
mora-medias-6000,MORA,PROMO MEDIAS MORA,09-2500,Panty fantasía estrellas,Medias,ÚNICO,6000,6000,6000
mora-medias-6000,MORA,PROMO MEDIAS MORA,09-2495,Panty can can Kitty Teens,Medias,ÚNICO,6000,6000,6000
mora-medias-6000,MORA,PROMO MEDIAS MORA,1-20900,Mora. Pijama,Medias,ÚNICO,6000,6000,6000
mora-medias-6000,MORA,PROMO MEDIAS MORA,09-2499,Medias opacas fibra lycra triángulos,Medias,ÚNICO,6000,6000,6000
mora-medias-6000,MORA,PROMO MEDIAS MORA,09-2481,Media Mora,Medias,ÚNICO,6000,6000,6000
mora-medias-6000,MORA,PROMO MEDIAS MORA,09-2473,Panty kids Había una vez,Medias,ÚNICO,6000,6000,6000
mora-medias-6000,MORA,PROMO MEDIAS MORA,09-1247,Minimedia Massage,Medias,ÚNICO,6000,6000,6000
mora-medias-6000,MORA,PROMO MEDIAS MORA,09-2477,Panty big stars,Medias,ÚNICO,6000,6000,6000
mora-medias-6000,MORA,PROMO MEDIAS MORA,09-2501,Media 3/4 comic,Medias,ÚNICO,6000,6000,6000
mora-medias-6000,MORA,PROMO MEDIAS MORA,09-2606,Panty lycra fina rombos,Medias,ÚNICO,6000,6000,6000
mora-medias-6000,MORA,PROMO MEDIAS MORA,09-2484,Media Mora,Medias,ÚNICO,6000,6000,6000
mora-medias-6000,MORA,PROMO MEDIAS MORA,09-2491,Panty sweet,Medias,ÚNICO,6000,6000,6000
mora-medias-6000,MORA,PROMO MEDIAS MORA,09-2529,Media 3/4 comic,Medias,ÚNICO,6000,6000,6000
mora-medias-6000,MORA,PROMO MEDIAS MORA,09-2493,Panty muare,Medias,ÚNICO,6000,6000,6000
mora-medias-6000,MORA,PROMO MEDIAS MORA,09-2463,Calza algodón cebra,Medias,ÚNICO,6000,6000,6000
mora-medias-6000,MORA,PROMO MEDIAS MORA,09-2459,Panty Drops,Medias,ÚNICO,6000,6000,6000
mora-medias-6000,MORA,PROMO MEDIAS MORA,09-2559,Panty Red fantasía,Medias,ÚNICO,6000,6000,6000
mora-medias-6000,MORA,PROMO MEDIAS MORA,09-2498,Panty media,Medias,ÚNICO,6000,6000,6000
mora-medias-6000,MORA,PROMO MEDIAS MORA,09-2537,Panty Spring,Medias,ÚNICO,6000,6000,6000
mora-pijamas-4000,MORA,PROMO PIJAMAS MORA,09-2489,Legging print,Pijamas,S|M|L|XL,4000,4000,4000
mora-pijamas-4000,MORA,PROMO PIJAMAS MORA,09-1742,Camiseta asimétrica una manga,Pijamas,S|M|L|XL,4000,4000,4000
mora-pijamas-4000,MORA,PROMO PIJAMAS MORA,09-117,Remera Fantasy,Pijamas,S|M|L|XL,4000,4000,4000
mora-pijamas-4000,MORA,PROMO PIJAMAS MORA,09-101,Calza algodón lycra,Pijamas,S|M|L|XL,4000,4000,4000
mora-pijamas-4000,MORA,PROMO PIJAMAS MORA,09-1842,Camiseta musculosa,Pijamas,S|M|L|XL,4000,4000,4000
mora-pijamas-4000,MORA,PROMO PIJAMAS MORA,09-2490,Calza lycra lisa,Pijamas,S|M|L|XL,4000,4000,4000
mora-pijamas-4000,MORA,PROMO PIJAMAS MORA,09-2597,Remera sin mangas red,Pijamas,S|M|L|XL,4000,4000,4000
mora-pijamas-4000,MORA,PROMO PIJAMAS MORA,09-276,Pijama Camisón Maternal Lola,Pijamas,S|M|L|XL,4000,4000,4000
mora-pijamas-4000,MORA,PROMO PIJAMAS MORA,09-294,Vestido Saisha,Pijamas,S|M|L|XL,4000,4000,4000
mora-pijamas-4000,MORA,PROMO PIJAMAS MORA,09-287,Vestido Bruna,Pijamas,S|M|L|XL,4000,4000,4000
mora-pijamas-4000,MORA,PROMO PIJAMAS MORA,09-277,Vestido maternal Helena,Pijamas,S|M|L|XL,4000,4000,4000
pack-maxima-seduccion,MÁXIMA SEDUCCIÓN,PACK – PROMO MÁXIMA SEDUCCIÓN,13-11,Pack,PACK,ÚNICO,3500,3000,3000
pack-maxima-seduccion,MÁXIMA SEDUCCIÓN,PACK – PROMO MÁXIMA SEDUCCIÓN,13-12,Pack,PACK,ÚNICO,3500,3000,3000
pack-maxima-seduccion,MÁXIMA SEDUCCIÓN,PACK – PROMO MÁXIMA SEDUCCIÓN,13-26,Pack,PACK,ÚNICO,3500,3000,3000
pack-maxima-seduccion,MÁXIMA SEDUCCIÓN,PACK – PROMO MÁXIMA SEDUCCIÓN,13-27,Pack,PACK,ÚNICO,3500,3000,3000
pack-rosa-maxima-seduccion,MÁXIMA SEDUCCIÓN,PACK ROSA – PROMO MÁXIMA SEDUCCIÓN,13-2027,Pack Rosa,PACK,ÚNICO,3500,3500,3500
conjuntos-maia,MAIA,PROMO MAIA – CONJUNTOS,23-960,Conjunto MAIA,Conjuntos,85|90|95|100|105,5000,5000,5000
conjuntos-maia,MAIA,PROMO MAIA – CONJUNTOS,23-980,Conjunto MAIA,Conjuntos,85|90|95|100|105,5000,5000,5000
conjuntos-maia,MAIA,PROMO MAIA – CONJUNTOS,23-1220,Conjunto MAIA,Conjuntos,85|90|95|100|105,5000,5000,5000
conjuntos-maia,MAIA,PROMO MAIA – CONJUNTOS,23-1250,Conjunto MAIA,Conjuntos,85|90|95|100|105,5000,5000,5000
conjuntos-maia,MAIA,PROMO MAIA – CONJUNTOS,23-1290,Conjunto MAIA,Conjuntos,85|90|95|100|105,5000,5000,5000
conjuntos-maia,MAIA,PROMO MAIA – CONJUNTOS,23-1300,Conjunto MAIA,Conjuntos,85|90|95|100|105,5000,5000,5000
conjuntos-maia,MAIA,PROMO MAIA – CONJUNTOS,23-1900,Conjunto MAIA,Conjuntos,85|90|95|100|105,5000,5000,5000
conjuntos-maia,MAIA,PROMO MAIA – CONJUNTOS,23-2040,Conjunto MAIA,Conjuntos,85|90|95|100|105,5000,5000,5000
conjuntos-maia,MAIA,PROMO MAIA – CONJUNTOS,23-2110,Conjunto MAIA,Conjuntos,85|90|95|100|105,5000,5000,5000
conjuntos-maia,MAIA,PROMO MAIA – CONJUNTOS,23-2115,Conjunto MAIA,Conjuntos,85|90|95|100|105,5000,5000,5000
conjuntos-maia,MAIA,PROMO MAIA – CONJUNTOS,23-3400,Conjunto MAIA,Conjuntos,85|90|95|100|105,5000,5000,5000
conjuntos-maia,MAIA,PROMO MAIA – CONJUNTOS,23-3500,Conjunto MAIA,Conjuntos,85|90|95|100|105,5000,5000,5000
conjuntos-maia,MAIA,PROMO MAIA – CONJUNTOS,23-3700,Conjunto MAIA,Conjuntos,85|90|95|100|105,5000,5000,5000
conjuntos-maia,MAIA,PROMO MAIA – CONJUNTOS,23-4010,Conjunto MAIA,Conjuntos,85|90|95|100|105,5000,5000,5000
conjuntos-maia,MAIA,PROMO MAIA – CONJUNTOS,23-4150,Conjunto MAIA,Conjuntos,85|90|95|100|105,5000,5000,5000
conjuntos-maia,MAIA,PROMO MAIA – CONJUNTOS,23-4160,Conjunto MAIA,Conjuntos,85|90|95|100|105,5000,5000,5000
conjuntos-maia,MAIA,PROMO MAIA – CONJUNTOS,23-4230,Conjunto MAIA,Conjuntos,85|90|95|100|105,5000,5000,5000
conjuntos-maia,MAIA,PROMO MAIA – CONJUNTOS,23-4250,Conjunto MAIA,Conjuntos,85|90|95|100|105,5000,5000,5000
conjuntos-maia,MAIA,PROMO MAIA – CONJUNTOS,23-4350,Conjunto MAIA,Conjuntos,85|90|95|100|105,5000,5000,5000
conjuntos-maia,MAIA,PROMO MAIA – CONJUNTOS,23-4360,Conjunto MAIA,Conjuntos,85|90|95|100|105,5000,5000,5000
conjuntos-maia,MAIA,PROMO MAIA – CONJUNTOS,23-4440,Conjunto MAIA,Conjuntos,85|90|95|100|105,5000,5000,5000
conjuntos-maia,MAIA,PROMO MAIA – CONJUNTOS,23-4445,Conjunto MAIA,Conjuntos,85|90|95|100|105,5000,5000,5000
conjuntos-maia,MAIA,PROMO MAIA – CONJUNTOS,23-5010,Conjunto MAIA,Conjuntos,85|90|95|100|105,5000,5000,5000
conjuntos-maia,MAIA,PROMO MAIA – CONJUNTOS,23-5040,Conjunto MAIA,Conjuntos,85|90|95|100|105,5000,5000,5000
conjuntos-maia,MAIA,PROMO MAIA – CONJUNTOS,23-5060,Conjunto MAIA,Conjuntos,85|90|95|100|105,5000,5000,5000
conjuntos-maia,MAIA,PROMO MAIA – CONJUNTOS,23-5090,Conjunto MAIA,Conjuntos,85|90|95|100|105,5000,5000,5000
conjuntos-maia,MAIA,PROMO MAIA – CONJUNTOS,23-60,Conjunto MAIA,Conjuntos,85|90|95|100|105,5000,5000,5000
p
maia-rio-pack-bombachas,MAIA,PROMO MAIA – RÍO (Pack Bombachas),23-100,Pack bombachas,PACK,S|M|L|XL,3500,3000,2660
maia-rio-pack-bombachas,MAIA,PROMO MAIA – RÍO (Pack Bombachas),23-200,Pack bombachas,PACK,S|M|L|XL,3500,3000,2660
maia-rio-pack-bombachas,MAIA,PROMO MAIA – RÍO (Pack Bombachas),23-300,Pack bombachas,PACK,S|M|L|XL,3500,3000,2660

maia-kids-conjuntos,MAIA KIDS,PROMO CONJUNTOS NENA MAIA,23-2100,Conjunto nena MAIA,Conjuntos Kids,6|8|10|12|14,7000,6000,4790
maia-kids-conjuntos,MAIA KIDS,PROMO CONJUNTOS NENA MAIA,23-2150,Conjunto nena MAIA,Conjuntos Kids,6|8|10|12|14,7000,6000,4790
maia-kids-conjuntos,MAIA KIDS,PROMO CONJUNTOS NENA MAIA,23-3200,Conjunto nena MAIA,Conjuntos Kids,6|8|10|12|14,7000,6000,4790
maia-kids-conjuntos,MAIA KIDS,PROMO CONJUNTOS NENA MAIA,23-4300,Conjunto nena MAIA,Conjuntos Kids,6|8|10|12|14,7000,6000,4790
maia-kids-conjuntos,MAIA KIDS,PROMO CONJUNTOS NENA MAIA,23-3250,Conjunto nena MAIA,Conjuntos Kids,6|8|10|12|14,7000,6000,4790
maia-kids-conjuntos,MAIA KIDS,PROMO CONJUNTOS NENA MAIA,23-4350N,Conjunto nena MAIA,Conjuntos Kids,6|8|10|12|14,7000,6000,4790
maia-kids-pack-bombachas,MAIA KIDS,PROMOBOMBACHAS KIDS MAIA,23-0100,Pack bombachas nena,PACK Kids,6|8|10|12|14,8000,6000,6000
maia-kids-pack,MAIA KIDS,PACK – NENA MAIA,23-110,Pack nena,PACK Kids,6|8|10|12|14,5000,3000,3000
maia-kids-pack,MAIA KIDS,PACK – NENA MAIA,23-210,Pack nena,PACK Kids,6|8|10|12|14,5000,3000,3000
vella-pack-x2,VELLA,PACK X 2 VELLA,58-23,Pack Vella,PACK,ÚNICO,4200,3500,3100
vella-pack-x2,VELLA,PACK X 2 VELLA,58-24,Pack Vella,PACK,ÚNICO,4200,3500,3100
vella-pack-x2,VELLA,PACK X 2 VELLA,58-28,Pack Vella,PACK,ÚNICO,4200,3500,3100
vella-pack-x2,VELLA,PACK X 2 VELLA,58-50,Pack Vella,PACK,ÚNICO,4200,3500,3100
vella-conjuntos,VELLA,PROMO CONJUNTOS VELLA,58-71,Conjunto Vella,Conjuntos,85|90|95|100,6000,5000,5000
vella-conjuntos,VELLA,PROMO CONJUNTOS VELLA,58-72,Conjunto Vella,Conjuntos,85|90|95|100,6000,5000,5000
fairuz-conjuntos-6000,FAIRUZ,PROMO CONJUNTOS FAIRUZ,61-2088,Conjunto Fairuz,Conjuntos,85|90|95|100,6000,6000,6000
fairuz-conjuntos-6000,FAIRUZ,PROMO CONJUNTOS FAIRUZ,61-2089,Conjunto Fairuz,Conjuntos,85|90|95|100,6000,6000,6000
fairuz-conjuntos-6000,FAIRUZ,PROMO CONJUNTOS FAIRUZ,61-2230,Conjunto Fairuz,Conjuntos,85|90|95|100,6000,6000,6000
fairuz-conjuntos-6000,FAIRUZ,PROMO CONJUNTOS FAIRUZ,61-3132,Conjunto Fairuz,Conjuntos,85|90|95|100,6000,6000,6000
fairuz-conjuntos-6000,FAIRUZ,PROMO CONJUNTOS FAIRUZ,61-3133,Conjunto Fairuz,Conjuntos,85|90|95|100,6000,6000,6000
fairuz-conjuntos-6000,FAIRUZ,PROMO CONJUNTOS FAIRUZ,61-3133/E,Conjunto Fairuz,Conjuntos,85|90|95|100,6000,6000,6000
fairuz-conjuntos-6000,FAIRUZ,PROMO CONJUNTOS FAIRUZ,61-232,Conjunto Fairuz,Conjuntos,85|90|95|100,6000,6000,6000
fairuz-pack-2500,FAIRUZ,PACK FAIRUZ,61-500,Pack Fairuz,PACK,ÚNICO,2500,2500,1850
fairuz-pack-2500,FAIRUZ,PACK FAIRUZ,61-530,Pack Fairuz,PACK,ÚNICO,2500,2500,1850
fairuz-pack-2500,FAIRUZ,PACK FAIRUZ,61-532,Pack Fairuz,PACK,ÚNICO,2500,2500,1850
fairuz-pack-2500,FAIRUZ,PACK FAIRUZ,61-600,Pack Fairuz,PACK,ÚNICO,2500,2500,1850
fairuz-pack-2500,FAIRUZ,PACK FAIRUZ,61-627,Pack Fairuz,PACK,ÚNICO,2500,2500,1850
fairuz-conjuntos-8000,FAIRUZ,PROMO CONJUNTOS FAIRUZ,61-2048,Conjunto Fairuz,Conjuntos,85|90|95|100,8000,8000,8000
fairuz-conjuntos-8000,FAIRUZ,PROMO CONJUNTOS FAIRUZ,61-2055,Conjunto Fairuz,Conjuntos,85|90|95|100,8000,8000,8000
fairuz-conjuntos-8000,FAIRUZ,PROMO CONJUNTOS FAIRUZ,61-2057,Conjunto Fairuz,Conjuntos,85|90|95|100,8000,8000,8000
fairuz-conjuntos-8000,FAIRUZ,PROMO CONJUNTOS FAIRUZ,61-2065,Conjunto Fairuz,Conjuntos,85|90|95|100,8000,8000,8000
fairuz-conjuntos-6000-b,FAIRUZ,PROMO CONJUNTOS FAIRUZ (2),61-2092,Conjunto Fairuz,Conjuntos,85|90|95|100,6000,6000,6000
fairuz-conjuntos-6000-b,FAIRUZ,PROMO CONJUNTOS FAIRUZ (2),61-2230,Conjunto Fairuz,Conjuntos,85|90|95|100,6000,6000,6000
lebnem-pack-nena-2500,LEBNEN,PACK x2 BOMBACHAS NENA LEBNEN,41-310,Pack bombachas nena,PACK,6|8|10|12|14,2500,2500,2500
lebnem-pack-nena-3500,LEBNEN,PACK x2 BOMBACHAS NENA LEBNEN,13-2027,Pack bombachas nena,PACK,6|8|10|12|14,3500,3500,3500
lebnem-pack-nena-3500,LEBNEN,PACK x2 BOMBACHAS NENA LEBNEN,41-130R,Pack bombachas nena,PACK,6|8|10|12|14,3500,3500,3500
lebnem-pack-nena-3500,LEBNEN,PACK x2 BOMBACHAS NENA LEBNEN,41-140R,Pack bombachas nena,PACK,6|8|10|12|14,3500,3500,3500
lebnem-pack-nena-3500,LEBNEN,PACK x2 BOMBACHAS NENA LEBNEN,41-310R,Pack bombachas nena,PACK,6|8|10|12|14,3500,3500,3500
denny-camiseta,DENNY,CAMISETA DENNY,51-62,Camiseta Denny,Camisetas,S|M|L|XL,10000,20000,20000
denny-camiseta,DENNY,CAMISETA DENNY,51-63,Camiseta Denny,Camisetas,S|M|L|XL,10000,20000,20000
denny-bombachas-docena,DENNY,BOMBACHAS x DOCENA,51-2224,Bombachas Denny,Bombachas,S|M|L|XL,12000,12000,12000
denny-bombachas-docena,DENNY,BOMBACHAS x DOCENA,51-2225,Bombachas Denny,Bombachas,S|M|L|XL,12000,12000,12000
denny-bombachas-docena,DENNY,BOMBACHAS x DOCENA,51-3323,Bombachas Denny,Bombachas,S|M|L|XL,12000,12000,12000
denny-bombachas-docena,DENNY,BOMBACHAS x DOCENA,51-3324,Bombachas Denny,Bombachas,S|M|L|XL,12000,12000,12000
denny-bombachas-docena,DENNY,BOMBACHAS x DOCENA,51-3325,Bombachas Denny,Bombachas,S|M|L|XL,12000,12000,12000
denny-bombachas-docena,DENNY,BOMBACHAS x DOCENA,51-3326,Bombachas Denny,Bombachas,S|M|L|XL,12000,12000,12000
mk-medias-2500-1800,MK,PROMO MEDIAS MK,28-6000,Media MK,Medias,ÚNICO,2500,1800,1800
mk-medias-2500-1800,MK,PROMO MEDIAS MK,28-6045,Media MK,Medias,ÚNICO,2500,1800,1800
mk-medias-2500-1800,MK,PROMO MEDIAS MK,28-6047,Media MK,Medias,ÚNICO,2500,1800,1800
mk-medias-2500-1800,MK,PROMO MEDIAS MK,28-6054,Media MK,Medias,ÚNICO,2500,1800,1800
mk-medias-2500-1800,MK,PROMO MEDIAS MK,28-6055,Media MK,Medias,ÚNICO,2500,1800,1800
mk-medias-2500-1800,MK,PROMO MEDIAS MK,28-6070,Media MK,Medias,ÚNICO,2500,1800,1800
mk-medias-2500-1800,MK,PROMO MEDIAS MK,28-6075,Media MK,Medias,ÚNICO,2500,1800,1800
mk-medias-2500-1800,MK,PROMO MEDIAS MK,28-6084,Media MK,Medias,ÚNICO,2500,1800,1800
mk-medias-2500-1800,MK,PROMO MEDIAS MK,28-6200,Media MK,Medias,ÚNICO,2500,1800,1800
mk-medias-2500-1800,MK,PROMO MEDIAS MK,28-62100,Media MK,Medias,ÚNICO,2500,1800,1800
mk-medias-2500-1800,MK,PROMO MEDIAS MK,28-62100.1,Media MK,Medias,ÚNICO,2500,1800,1800
mk-medias-2500-1800,MK,PROMO MEDIAS MK,28-62100.2,Media MK,Medias,ÚNICO,2500,1800,1800
mk-medias-2500-1800,MK,PROMO MEDIAS MK,28-62100.3,Media MK,Medias,ÚNICO,2500,1800,1800
mk-medias-2500-1800,MK,PROMO MEDIAS MK,28-62100.4,Media MK,Medias,ÚNICO,2500,1800,1800
mk-medias-2500-1800,MK,PROMO MEDIAS MK,28-62102,Media MK,Medias,ÚNICO,2500,1800,1800
mk-medias-2500-1800,MK,PROMO MEDIAS MK,28-62102.1,Media MK,Medias,ÚNICO,2500,1800,1800
mk-medias-2500-1800,MK,PROMO MEDIAS MK,28-62102.2,Media MK,Medias,ÚNICO,2500,1800,1800
mk-medias-2500-1800,MK,PROMO MEDIAS MK,28-62102.3,Media MK,Medias,ÚNICO,2500,1800,1800
mk-medias-2500-1800,MK,PROMO MEDIAS MK,28-62102.4,Media MK,Medias,ÚNICO,2500,1800,1800
mk-medias-2500-1800,MK,PROMO MEDIAS MK,28-62102.5,Media MK,Medias,ÚNICO,2500,1800,1800
mk-medias-2500-1800,MK,PROMO MEDIAS MK,28-62102.6,Media MK,Medias,ÚNICO,2500,1800,1800
mk-medias-2500-1800,MK,PROMO MEDIAS MK,28-62102.7,Media MK,Medias,ÚNICO,2500,1800,1800
mk-medias-2500-1800,MK,PROMO MEDIAS MK,28-62102.8,Media MK,Medias,ÚNICO,2500,1800,1800
mk-medias-2500-1800,MK,PROMO MEDIAS MK,28-62102.9,Media MK,Medias,ÚNICO,2500,1800,1800
mk-medias-2500-1800,MK,PROMO MEDIAS MK,28-62102.10,Media MK,Medias,ÚNICO,2500,1800,1800
mk-medias-2500-1800,MK,PROMO MEDIAS MK,28-62102.11,Media MK,Medias,ÚNICO,2500,1800,1800
mk-medias-2500-1800,MK,PROMO MEDIAS MK,28-62103,Media MK,Medias,ÚNICO,2500,1800,1800
mk-medias-2500-1800,MK,PROMO MEDIAS MK,28-62103.1,Media MK,Medias,ÚNICO,2500,1800,1800
mk-medias-2500-1800,MK,PROMO MEDIAS MK,28-62103.2,Media MK,Medias,ÚNICO,2500,1800,1800
mk-medias-2500-1800,MK,PROMO MEDIAS MK,28-62104,Media MK,Medias,ÚNICO,2500,1800,1800
mk-medias-2500-1800,MK,PROMO MEDIAS MK,28-62104.1,Media MK,Medias,ÚNICO,2500,1800,1800
mk-medias-2500-1800,MK,PROMO MEDIAS MK,28-62104.2,Media MK,Medias,ÚNICO,2500,1800,1800
mk-medias-2500-1800,MK,PROMO MEDIAS MK,28-62104.3,Media MK,Medias,ÚNICO,2500,1800,1800
mk-medias-2500-1800,MK,PROMO MEDIAS MK,28-62104.4,Media MK,Medias,ÚNICO,2500,1800,1800
mk-medias-2500-1800,MK,PROMO MEDIAS MK,28-62105,Media MK,Medias,ÚNICO,2500,1800,1800
mk-medias-2500-1800,MK,PROMO MEDIAS MK,28-62105.1,Media MK,Medias,ÚNICO,2500,1800,1800
mk-medias-2500-1800,MK,PROMO MEDIAS MK,28-62105.2,Media MK,Medias,ÚNICO,2500,1800,1800
mk-medias-2500-1800,MK,PROMO MEDIAS MK,28-62105.3,Media MK,Medias,ÚNICO,2500,1800,1800
mk-medias-2500-1800,MK,PROMO MEDIAS MK,28-62105.4,Media MK,Medias,ÚNICO,2500,1800,1800
mk-medias-2500-1800,MK,PROMO MEDIAS MK,28-62114,Media MK,Medias,ÚNICO,2500,1800,1800
mk-medias-2500-1800,MK,PROMO MEDIAS MK,28-62114.1,Media MK,Medias,ÚNICO,2500,1800,1800
mk-medias-2500-1800,MK,PROMO MEDIAS MK,28-62114.2,Media MK,Medias,ÚNICO,2500,1800,1800
mk-medias-2500-1800,MK,PROMO MEDIAS MK,28-62114.3,Media MK,Medias,ÚNICO,2500,1800,1800
mk-medias-2500-1800,MK,PROMO MEDIAS MK,28-6244,Media MK,Medias,ÚNICO,2500,1800,1800
mk-medias-2500-1800,MK,PROMO MEDIAS MK,28-62112.1,Media MK,Medias,ÚNICO,2500,1800,1800
mk-medias-2500-1800,MK,PROMO MEDIAS MK,28-62112.3,Media MK,Medias,ÚNICO,2500,1800,1800
mk-medias-2500-1800,MK,PROMO MEDIAS MK,28-62112.5,Media MK,Medias,ÚNICO,2500,1800,1800
mk-medias-2500-1800,MK,PROMO MEDIAS MK,28-6276,Media MK,Medias,ÚNICO,2500,1800,1800
mk-conjuntos-8000,MK,PROMO CONJUNTOS MK $8.000,28-5536,Conjunto MK,Conjuntos,85|90|95|100,8000,8000,8000
mk-conjuntos-8000,MK,PROMO CONJUNTOS MK $8.000,28-5675,Conjunto MK,Conjuntos,85|90|95|100,8000,8000,8000
mk-conjuntos-8000,MK,PROMO CONJUNTOS MK $8.000,28-5568,Conjunto MK,Conjuntos,85|90|95|100,8000,8000,8000
mk-conjuntos-8000,MK,PROMO CONJUNTOS MK $8.000,28-5681,Conjunto MK,Conjuntos,85|90|95|100,8000,8000,8000
mk-conjuntos-8000,MK,PROMO CONJUNTOS MK $8.000,28-5718,Conjunto MK,Conjuntos,85|90|95|100,8000,8000,8000
mk-conjuntos-8000,MK,PROMO CONJUNTOS MK $8.000,28-5648,Conjunto MK,Conjuntos,85|90|95|100,8000,8000,8000
mk-conjuntos-10000,MK,PROMO CONJUNTOS MK $10.000,28-5598,Conjunto MK,Conjuntos,85|90|95|100,10000,10000,10000
mk-conjuntos-10000,MK,PROMO CONJUNTOS MK $10.000,28-5646,Conjunto MK,Conjuntos,85|90|95|100,10000,10000,10000
mk-of1000,MK,PROMO CONJUNTOS MK OF1000,28-OF1000,Conjunto MK OF1000,Conjuntos,85|90|95|100,12000,10000,10000
coa-ninos-medias,COA COA,PROMO MEDIAS NIÑOS COA COA,14-2000,Media niños,Medias Niños,T0|T1|T2|T3|T4|T5|T6|T7,2000,1800,1800
coa-ninos-medias,COA COA,PROMO MEDIAS NIÑOS COA COA,14-2100,Media niños,Medias Niños,T0|T1|T2|T3|T4|T5|T6|T7,2000,1800,1800
coa-ninos-medias,COA COA,PROMO MEDIAS NIÑOS COA COA,14-2250,Media niños,Medias Niños,T0|T1|T2|T3|T4|T5|T6|T7,2000,1800,1800
coa-ninos-medias,COA COA,PROMO MEDIAS NIÑOS COA COA,14-2500,Media niños,Medias Niños,T0|T1|T2|T3|T4|T5|T6|T7,2000,1800,1800
coa-ninos-medias,COA COA,PROMO MEDIAS NIÑOS COA COA,14-2600,Media niños,Medias Niños,T0|T1|T2|T3|T4|T5|T6|T7,2000,1800,1800
coa-ninos-medias,COA COA,PROMO MEDIAS NIÑOS COA COA,14-4500,Media niños,Medias Niños,T0|T1|T2|T3|T4|T5|T6|T7,2000,1800,1800
coa-medias,COA COA,PROMO MEDIAS COA COA,14-1203,Media COA COA,Medias,ÚNICO,2300,2000,1800
coa-medias,COA COA,PROMO MEDIAS COA COA,14-1501,Media COA COA,Medias,ÚNICO,2300,2000,1800
coa-medias,COA COA,PROMO MEDIAS COA COA,14-1502,Media COA COA,Medias,ÚNICO,2300,2000,1800
coa-medias,COA COA,PROMO MEDIAS COA COA,14-1503,Media COA COA,Medias,ÚNICO,2300,2000,1800
coa-medias,COA COA,PROMO MEDIAS COA COA,14-2000M,Media COA COA,Medias,ÚNICO,2300,2000,1800
coa-medias,COA COA,PROMO MEDIAS COA COA,14-2050,Media COA COA,Medias,ÚNICO,2300,2000,1800
coa-medias,COA COA,PROMO MEDIAS COA COA,14-2070,Media COA COA,Medias,ÚNICO,2300,2000,1800
coa-medias,COA COA,PROMO MEDIAS COA COA,14-2090,Media COA COA,Medias,ÚNICO,2300,2000,1800
coa-medias,COA COA,PROMO MEDIAS COA COA,14-2100M,Media COA COA,Medias,ÚNICO,2300,2000,1800
coa-medias,COA COA,PROMO MEDIAS COA COA,14-2500M,Media COA COA,Medias,ÚNICO,2300,2000,1800
coa-medias,COA COA,PROMO MEDIAS COA COA,14-2510,Media COA COA,Medias,ÚNICO,2300,2000,1800
coa-medias,COA COA,PROMO MEDIAS COA COA,14-2530,Media COA COA,Medias,ÚNICO,2300,2000,1800
coa-medias,COA COA,PROMO MEDIAS COA COA,14-2600M,Media COA COA,Medias,ÚNICO,2300,2000,1800
coa-medias,COA COA,PROMO MEDIAS COA COA,1-6140,Media COA COA,Medias,ÚNICO,2300,2000,1800
coa-medias,COA COA,PROMO MEDIAS COA COA,14-3000,Media COA COA,Medias,ÚNICO,2300,2000,1800
coa-medias,COA COA,PROMO MEDIAS COA COA,14-3010,Media COA COA,Medias,ÚNICO,2300,2000,1800
coa-medias,COA COA,PROMO MEDIAS COA COA,1-6141,Media COA COA,Medias,ÚNICO,2300,2000,1800
coa-medias,COA COA,PROMO MEDIAS COA COA,14-3020,Media COA COA,Medias,ÚNICO,2300,2000,1800
coa-medias,COA COA,PROMO MEDIAS COA COA,14-3030,Media COA COA,Medias,ÚNICO,2300,2000,1800
coa-medias,COA COA,PROMO MEDIAS COA COA,14-3040,Media COA COA,Medias,ÚNICO,2300,2000,1800
coa-medias,COA COA,PROMO MEDIAS COA COA,14-3041,Media COA COA,Medias,ÚNICO,2300,2000,1800
coa-medias,COA COA,PROMO MEDIAS COA COA,14-3042,Media COA COA,Medias,ÚNICO,2300,2000,1800
coa-medias,COA COA,PROMO MEDIAS COA COA,14-3044,Media COA COA,Medias,ÚNICO,2300,2000,1800
coa-medias,COA COA,PROMO MEDIAS COA COA,14-3046,Media COA COA,Medias,ÚNICO,2300,2000,1800
coa-medias,COA COA,PROMO MEDIAS COA COA,14-3048,Media COA COA,Medias,ÚNICO,2300,2000,1800
coa-medias,COA COA,PROMO MEDIAS COA COA,14-3049,Media COA COA,Medias,ÚNICO,2300,2000,1800
coa-medias,COA COA,PROMO MEDIAS COA COA,14-3050,Media COA COA,Medias,ÚNICO,2300,2000,1800
coa-medias,COA COA,PROMO MEDIAS COA COA,14-3060,Media COA COA,Medias,ÚNICO,2300,2000,1800
coa-medias,COA COA,PROMO MEDIAS COA COA,1-6142,Media COA COA,Medias,ÚNICO,2300,2000,1800
coa-medias,COA COA,PROMO MEDIAS COA COA,14-3070,Media COA COA,Medias,ÚNICO,2300,2000,1800
coa-medias,COA COA,PROMO MEDIAS COA COA,14-3090,Media COA COA,Medias,ÚNICO,2300,2000,1800
coa-medias,COA COA,PROMO MEDIAS COA COA,14-3100,Media COA COA,Medias,ÚNICO,2300,2000,1800
intermezzo-boxer,INTERMEZZO,PROMO BOXER INTERMEZZO,14-950,Boxer Intermezzo,Boxer,S|M|L|XL,5000,5000,5000
mk-medias-segunda,MK,MEDIAS MK 2DA,1-2801,Media MK 2da,Medias,ÚNICO,2200,1700,1400
mk-medias-segunda,MK,MEDIAS MK 2DA,1-2802,Media MK 2da,Medias,ÚNICO,2200,1700,1400
mk-medias-segunda,MK,MEDIAS MK 2DA,1-2803,Media MK 2da,Medias,ÚNICO,2200,1700,1400
mk-medias-segunda,MK,MEDIAS MK 2DA,1-2804,Media MK 2da,Medias,ÚNICO,2200,1700,1400
mk-medias-segunda,MK,MEDIAS MK 2DA,1-2805,Media MK 2da,Medias,ÚNICO,2200,1700,1400
mk-medias-segunda,MK,MEDIAS MK 2DA,1-2806,Media MK 2da,Medias,ÚNICO,2200,1700,1400
mk-medias-hombre,MK,PROMO MEDIAS HOMBRE MK,28-6744,Media hombre MK,Medias Hombre,ÚNICO,4000,3333,2600
mk-medias-hombre,MK,PROMO MEDIAS HOMBRE MK,28-67113.1,Media hombre MK,Medias Hombre,ÚNICO,4000,3333,2600
mk-medias-hombre,MK,PROMO MEDIAS HOMBRE MK,28-67113.2,Media hombre MK,Medias Hombre,ÚNICO,4000,3333,2600
mk-medias-hombre,MK,PROMO MEDIAS HOMBRE MK,28-67113.3,Media hombre MK,Medias Hombre,ÚNICO,4000,3333,2600
mk-medias-hombre,MK,PROMO MEDIAS HOMBRE MK,28-67113.4,Media hombre MK,Medias Hombre,ÚNICO,4000,3333,2600
mk-medias-hombre,MK,PROMO MEDIAS HOMBRE MK,28-67115.1,Media hombre MK,Medias Hombre,ÚNICO,4000,3333,2600
mk-medias-hombre,MK,PROMO MEDIAS HOMBRE MK,28-67115.2,Media hombre MK,Medias Hombre,ÚNICO,4000,3333,2600
mk-medias-hombre,MK,PROMO MEDIAS HOMBRE MK,28-67115.3,Media hombre MK,Medias Hombre,ÚNICO,4000,3333,2600
mk-medias-hombre,MK,PROMO MEDIAS HOMBRE MK,28-67115.4,Media hombre MK,Medias Hombre,ÚNICO,4000,3333,2600
mk-medias-hombre,MK,PROMO MEDIAS HOMBRE MK,28-67116.1,Media hombre MK,Medias Hombre,ÚNICO,4000,3333,2600
mk-medias-hombre,MK,PROMO MEDIAS HOMBRE MK,28-67116.2,Media hombre MK,Medias Hombre,ÚNICO,4000,3333,2600
mk-medias-hombre,MK,PROMO MEDIAS HOMBRE MK,28-67202.1,Media hombre MK,Medias Hombre,ÚNICO,4000,3333,2600
mk-medias-hombre,MK,PROMO MEDIAS HOMBRE MK,28-67202.2,Media hombre MK,Medias Hombre,ÚNICO,4000,3333,2600
mk-medias-hombre,MK,PROMO MEDIAS HOMBRE MK,28-6775,Media hombre MK,Medias Hombre,ÚNICO,4000,3333,2600
mk-medias-hombre,MK,PROMO MEDIAS HOMBRE MK,28-6777,Media hombre MK,Medias Hombre,ÚNICO,4000,3333,2600
mk-medias-hombre,MK,PROMO MEDIAS HOMBRE MK,28-6784,Media hombre MK,Medias Hombre,ÚNICO,4000,3333,2600
mk-medias-hombre,MK,PROMO MEDIAS HOMBRE MK,28-6787,Media hombre MK,Medias Hombre,ÚNICO,4000,3333,2600
mk-medias-hombre,MK,PROMO MEDIAS HOMBRE MK,28-6354,Media hombre MK,Medias Hombre,ÚNICO,4000,3333,2600
mk-medias-hombre,MK,PROMO MEDIAS HOMBRE MK,28-6700,Media hombre MK,Medias Hombre,ÚNICO,4000,3333,2600
mk-medias-hombre,MK,PROMO MEDIAS HOMBRE MK,28-6701,Media hombre MK,Medias Hombre,ÚNICO,4000,3333,2600
mk-medias-hombre,MK,PROMO MEDIAS HOMBRE MK,"28-67103,1",Media hombre MK,Medias Hombre,ÚNICO,4000,3333,2600
mk-medias-hombre,MK,PROMO MEDIAS HOMBRE MK,28-6300,Media hombre MK,Medias Hombre,ÚNICO,4000,3333,2600
mk-medias-hombre,MK,PROMO MEDIAS HOMBRE MK,28-6305,Media hombre MK,Medias Hombre,ÚNICO,4000,3333,2600
mk-medias-hombre,MK,PROMO MEDIAS HOMBRE MK,28-6358,Media hombre MK,Medias Hombre,ÚNICO,4000,3333,2600
mk-medias-hombre,MK,PROMO MEDIAS HOMBRE MK,28-6363,Media hombre MK,Medias Hombre,ÚNICO,4000,3333,2600

cocot-dufour-medias-3500-3000,COCOT/DUFOUR,PROMO MEDIAS COCOT - DUFOUR,40-3671,Medias COCOT/DUFOUR,Medias,ÚNICO,3500,3000,2100
cocot-dufour-medias-3500-3000,COCOT/DUFOUR,PROMO MEDIAS COCOT - DUFOUR,40-3324,Medias COCOT/DUFOUR,Medias,ÚNICO,3500,3000,2100
cocot-dufour-medias-3500-3000,COCOT/DUFOUR,PROMO MEDIAS COCOT - DUFOUR,21-2534,Medias COCOT/DUFOUR,Medias,ÚNICO,3500,3000,2100
cocot-dufour-medias-3500-3000,COCOT/DUFOUR,PROMO MEDIAS COCOT - DUFOUR,21-2605,Medias COCOT/DUFOUR,Medias,ÚNICO,3500,3000,2100
cocot-dufour-medias-3500-3000,COCOT/DUFOUR,PROMO MEDIAS COCOT - DUFOUR,21-2597,Medias COCOT/DUFOUR,Medias,ÚNICO,3500,3000,2100
dufour-cocot-coa-3000-2500,DUFOUR/COCOT/COA COA,PROMO MEDIAS (mix),14-1501,Medias mixtas,Medias,ÚNICO,3000,2500,1375
dufour-cocot-coa-3000-2500,DUFOUR/COCOT/COA COA,PROMO MEDIAS (mix),14-1502,Medias mixtas,Medias,ÚNICO,3000,2500,1375
dufour-cocot-coa-3000-2500,DUFOUR/COCOT/COA COA,PROMO MEDIAS (mix),14-1503,Medias mixtas,Medias,ÚNICO,3000,2500,1375
dufour-cocot-coa-3000-2500,DUFOUR/COCOT/COA COA,PROMO MEDIAS (mix),21-2140,Medias mixtas,Medias,ÚNICO,3000,2500,1375
dufour-cocot-coa-3000-2500,DUFOUR/COCOT/COA COA,PROMO MEDIAS (mix),21-2119,Medias mixtas,Medias,ÚNICO,3000,2500,1375
dufour-cocot-coa-3000-2500,DUFOUR/COCOT/COA COA,PROMO MEDIAS (mix),21-2357,Medias mixtas,Medias,ÚNICO,3000,2500,1375
dufour-cocot-coa-3000-2500,DUFOUR/COCOT/COA COA,PROMO MEDIAS (mix),40-3230,Medias mixtas,Medias,ÚNICO,3000,2500,1375
dufour-cocot-coa-3000-2500,DUFOUR/COCOT/COA COA,PROMO MEDIAS (mix),40-3335,Medias mixtas,Medias,ÚNICO,3000,2500,1375
dufour-cocot-coa-3000-2500,DUFOUR/COCOT/COA COA,PROMO MEDIAS (mix),40-3233,Medias mixtas,Medias,ÚNICO,3000,2500,1375
disney-medias-4000-3000,DISNEY,PROMO MEDIAS DISNEY,40-21101,Medias Disney,Medias,ÚNICO,4000,3000,3000
disney-medias-4000-3000,DISNEY,PROMO MEDIAS DISNEY,40-21102,Medias Disney,Medias,ÚNICO,4000,3000,3000
disney-medias-4000-3000,DISNEY,PROMO MEDIAS DISNEY,40-21103,Medias Disney,Medias,ÚNICO,4000,3000,3000
disney-medias-4000-3000,DISNEY,PROMO MEDIAS DISNEY,40-21104,Medias Disney,Medias,ÚNICO,4000,3000,3000
disney-medias-4000-3000,DISNEY,PROMO MEDIAS DISNEY,40-21105,Medias Disney,Medias,ÚNICO,4000,3000,3000
disney-medias-4000-3000,DISNEY,PROMO MEDIAS DISNEY,40-21200,Medias Disney,Medias,ÚNICO,4000,3000,3000
disney-medias-4000-3000,DISNEY,PROMO MEDIAS DISNEY,40-21201,Medias Disney,Medias,ÚNICO,4000,3000,3000
disney-medias-4000-3000,DISNEY,PROMO MEDIAS DISNEY,40-21202,Medias Disney,Medias,ÚNICO,4000,3000,3000
disney-medias-4000-3000,DISNEY,PROMO MEDIAS DISNEY,40-21203,Medias Disney,Medias,ÚNICO,4000,3000,3000
disney-medias-4000-3000,DISNEY,PROMO MEDIAS DISNEY,40-21204,Medias Disney,Medias,ÚNICO,4000,3000,3000
disney-medias-4000-3000,DISNEY,PROMO MEDIAS DISNEY,40-21205,Medias Disney,Medias,ÚNICO,4000,3000,3000
disney-medias-4000-3000,DISNEY,PROMO MEDIAS DISNEY,40-21300,Medias Disney,Medias,ÚNICO,4000,3000,3000
disney-medias-4000-3000,DISNEY,PROMO MEDIAS DISNEY,40-21301,Medias Disney,Medias,ÚNICO,4000,3000,3000
disney-medias-4000-3000,DISNEY,PROMO MEDIAS DISNEY,40-21302,Medias Disney,Medias,ÚNICO,4000,3000,3000
disney-medias-4000-3000,DISNEY,PROMO MEDIAS DISNEY,40-21350,Medias Disney,Medias,ÚNICO,4000,3000,3000
disney-medias-4000-3000,DISNEY,PROMO MEDIAS DISNEY,40-21351,Medias Disney,Medias,ÚNICO,4000,3000,3000
disney-medias-4000-3000,DISNEY,PROMO MEDIAS DISNEY,40-21352,Medias Disney,Medias,ÚNICO,4000,3000,3000
disney-medias-4000-3000,DISNEY,PROMO MEDIAS DISNEY,40-21404,Medias Disney,Medias,ÚNICO,4000,3000,3000
disney-medias-4000-3000,DISNEY,PROMO MEDIAS DISNEY,40-21406,Medias Disney,Medias,ÚNICO,4000,3000,3000
disney-medias-4000-3000,DISNEY,PROMO MEDIAS DISNEY,40-21407,Medias Disney,Medias,ÚNICO,4000,3000,3000
disney-medias-4000-3000,DISNEY,PROMO MEDIAS DISNEY,40-21408,Medias Disney,Medias,ÚNICO,4000,3000,3000
disney-medias-4000-3000,DISNEY,PROMO MEDIAS DISNEY,40-21500,Medias Disney,Medias,ÚNICO,4000,3000,3000
disney-medias-4000-3000,DISNEY,PROMO MEDIAS DISNEY,40-21501,Medias Disney,Medias,ÚNICO,4000,3000,3000
disney-medias-4000-3000,DISNEY,PROMO MEDIAS DISNEY,40-21502,Medias Disney,Medias,ÚNICO,4000,3000,3000
disney-medias-4000-3000,DISNEY,PROMO MEDIAS DISNEY,40-21503,Medias Disney,Medias,ÚNICO,4000,3000,3000
disney-medias-4000-3000,DISNEY,PROMO MEDIAS DISNEY,40-21504,Medias Disney,Medias,ÚNICO,4000,3000,3000
disney-medias-4000-3000,DISNEY,PROMO MEDIAS DISNEY,40-21505,Medias Disney,Medias,ÚNICO,4000,3000,3000
disney-medias-4000-3000,DISNEY,PROMO MEDIAS DISNEY,40-21506,Medias Disney,Medias,ÚNICO,4000,3000,3000
dufour-medias-3500-2400,DUFOUR,PROMO MEDIAS DUFOUR,21-2379,Medias Dufour,Medias,ÚNICO,3500,2400,2400
dufour-medias-3500-2400,DUFOUR,PROMO MEDIAS DUFOUR,21-2216,Medias Dufour,Medias,ÚNICO,3500,2400,2400
dufour-medias-3500-2400,DUFOUR,PROMO MEDIAS DUFOUR,21-2211,Medias Dufour,Medias,ÚNICO,3500,2400,2400
dufour-medias-3500-2400,DUFOUR,PROMO MEDIAS DUFOUR,21-2474,Medias Dufour,Medias,ÚNICO,3500,2400,2400
dufour-medias-3500-2400,DUFOUR,PROMO MEDIAS DUFOUR,21-2015,Medias Dufour,Medias,ÚNICO,3500,2400,2400
cocot-dufour-1800-1500,COCOT/DUFOUR,PROMO MEDIAS COCOT - DUFOUR (II),21-2331,Medias C/D,Medias,ÚNICO,1800,1500,875
cocot-dufour-1800-1500,COCOT/DUFOUR,PROMO MEDIAS COCOT - DUFOUR (II),21-2599,Medias C/D,Medias,ÚNICO,1800,1500,875
cocot-dufour-1800-1500,COCOT/DUFOUR,PROMO MEDIAS COCOT - DUFOUR (II),40-3153,Medias C/D,Medias,ÚNICO,1800,1500,875
cocot-dufour-1800-1500,COCOT/DUFOUR,PROMO MEDIAS COCOT - DUFOUR (II),40-3318,Medias C/D,Medias,ÚNICO,1800,1500,875
cocot-dufour-1800-1500,COCOT/DUFOUR,PROMO MEDIAS COCOT - DUFOUR (II),40-3270,Medias C/D,Medias,ÚNICO,1800,1500,875
cocot-dufour-1800-1500,COCOT/DUFOUR,PROMO MEDIAS COCOT - DUFOUR (II),40-3328,Medias C/D,Medias,ÚNICO,1800,1500,875
cocot-dufour-1800-1500,COCOT/DUFOUR,PROMO MEDIAS COCOT - DUFOUR (II),40-3315,Medias C/D,Medias,ÚNICO,1800,1500,875
cocot-dufour-1800-1500,COCOT/DUFOUR,PROMO MEDIAS COCOT - DUFOUR (II),40-3320,Medias C/D,Medias,ÚNICO,1800,1500,875
cocot-dufour-1800-1500,COCOT/DUFOUR,PROMO MEDIAS COCOT - DUFOUR (II),40-3323,Medias C/D,Medias,ÚNICO,1800,1500,875
cocot-dufour-1800-1500,COCOT/DUFOUR,PROMO MEDIAS COCOT - DUFOUR (II),40-3319,Medias C/D,Medias,ÚNICO,1800,1500,875
cocot-dufour-1800-1500,COCOT/DUFOUR,PROMO MEDIAS COCOT - DUFOUR (II),40-3288,Medias C/D,Medias,ÚNICO,1800,1500,875
dufour-medias-docena,DUFOUR,PROMO MEDIAS DUFOUR X DOCENA,21-2331,Medias Dufour docena,Medias,ÚNICO,875,875,875
cocot-pack-medias,COCOT,PROMO PACK MEDIAS COCOT,40-3253.3,Pack medias COCOT,Medias,ÚNICO,4500,4000,4000
cocot-pack-medias,COCOT,PROMO PACK MEDIAS COCOT,40-3124.3,Pack medias COCOT,Medias,ÚNICO,4500,4000,4000
disney-boxer-20700,DISNEY,BOXER DISNEY,40-20700,Boxer Disney,Boxer,S|M|L,4000,3200,2500
disney-boxer-20701,DISNEY,BOXER DISNEY (modelo 20701),40-20701,Boxer Disney,Boxer,S|M|L,3500,3000,2355
disney-boxer-20702-20750,DISNEY,BOXER DISNEY (otros),40-20702,Boxer Disney,Boxer,S|M|L,4200,4200,3235
disney-boxer-20702-20750,DISNEY,BOXER DISNEY (otros),40-20750,Boxer Disney,Boxer,S|M|L,4200,4200,3235
disney-bombachas,DISNEY,BOMBACHAS DISNEY,40-20800,Bombachas Disney,Bombachas,S|M|L,3000,2500,2500
disney-bombachas,DISNEY,BOMBACHAS DISNEY,40-20802,Bombachas Disney,Bombachas,S|M|L,3000,2500,2500
disney-bombachas,DISNEY,BOMBACHAS DISNEY,40-20803,Bombachas Disney,Bombachas,S|M|L,3000,2500,2500
disney-bombachas,DISNEY,BOMBACHAS DISNEY,40-20806,Bombachas Disney,Bombachas,S|M|L,3000,2500,2500
disney-bombachas,DISNEY,BOMBACHAS DISNEY,1-20800,Bombachas Disney,Bombachas,S|M|L,3000,2500,2500
disney-bombachas,DISNEY,BOMBACHAS DISNEY,1-20802,Bombachas Disney,Bombachas,S|M|L,3000,2500,2500
disney-bombachas,DISNEY,BOMBACHAS DISNEY,1-20803,Bombachas Disney,Bombachas,S|M|L,3000,2500,2500
disney-bombachas,DISNEY,BOMBACHAS DISNEY,1-20806,Bombachas Disney,Bombachas,S|M|L,3000,2500,2500
dufour-boxer-ninos,DUFOUR,PROMO BOXER NIÑOS DUFOUR,21-11976,Boxer niños Dufour,Boxer Niños,2|4|6|8|10|12,3500,2800,2200
dufour-boxer-ninos,DUFOUR,PROMO BOXER NIÑOS DUFOUR,21-11977.6,Boxer niños Dufour,Boxer Niños,2|4|6|8|10|12,3500,2800,2200
dufour-boxer-ninos,DUFOUR,PROMO BOXER NIÑOS DUFOUR,21-12093,Boxer niños Dufour,Boxer Niños,2|4|6|8|10|12,3500,2800,2200
dufour-boxer-ninos,DUFOUR,PROMO BOXER NIÑOS DUFOUR,21-11774,Boxer niños Dufour,Boxer Niños,2|4|6|8|10|12,3500,2800,2200
dufour-boxer-ninos,DUFOUR,PROMO BOXER NIÑOS DUFOUR,21-11933,Boxer niños Dufour,Boxer Niños,2|4|6|8|10|12,3500,2800,2200
dufour-zorba-boxer,DUFOUR/ZORBA,PROMO BOXER (mix),21-11831,Boxer mix,Boxer,S|M|L|XL,3800,2900,2350
dufour-zorba-boxer,DUFOUR/ZORBA,PROMO BOXER (mix),21-11971,Boxer mix,Boxer,S|M|L|XL,3800,2900,2350
dufour-zorba-boxer,DUFOUR/ZORBA,PROMO BOXER (mix),59-185,Boxer mix,Boxer,S|M|L|XL,3800,2900,2350
dufour-zorba-boxer,DUFOUR/ZORBA,PROMO BOXER (mix),21-11812,Boxer mix,Boxer,S|M|L|XL,3800,2900,2350
dufour-zorba-boxer,DUFOUR/ZORBA,PROMO BOXER (mix),21-11855,Boxer mix,Boxer,S|M|L|XL,3800,2900,2350
dufour-zorba-boxer,DUFOUR/ZORBA,PROMO BOXER (mix),21-11789,Boxer mix,Boxer,S|M|L|XL,3800,2900,2350
dufour-zorba-boxer,DUFOUR/ZORBA,PROMO BOXER (mix),26-A772,Boxer mix,Boxer,S|M|L|XL,3800,2900,2350
dufour-zorba-boxer,DUFOUR/ZORBA,PROMO BOXER (mix),26-B026,Boxer mix,Boxer,S|M|L|XL,3800,2900,2350
dufour-zorba-boxer,DUFOUR/ZORBA,PROMO BOXER (mix),26-B114,Boxer mix,Boxer,S|M|L|XL,3800,2900,2350
dufour-zorba-boxer,DUFOUR/ZORBA,PROMO BOXER (mix),26-B175,Boxer mix,Boxer,S|M|L|XL,3800,2900,2350
dufour-zorba-boxer,DUFOUR/ZORBA,PROMO BOXER (mix),26-B703,Boxer mix,Boxer,S|M|L|XL,3800,2900,2350
dufour-zorba-boxer,DUFOUR/ZORBA,PROMO BOXER (mix),26-B704,Boxer mix,Boxer,S|M|L|XL,3800,2900,2350
dufour-zorba-boxer,DUFOUR/ZORBA,PROMO BOXER (mix),26-B933,Boxer mix,Boxer,S|M|L|XL,3800,2900,2350
dufour-zorba-boxer,DUFOUR/ZORBA,PROMO BOXER (mix),26-B934,Boxer mix,Boxer,S|M|L|XL,3800,2900,2350
dufour-zorba-boxer,DUFOUR/ZORBA,PROMO BOXER (mix),26-B946,Boxer mix,Boxer,S|M|L|XL,3800,2900,2350
dufour-zorba-boxer,DUFOUR/ZORBA,PROMO BOXER (mix),26-B947,Boxer mix,Boxer,S|M|L|XL,3800,2900,2350
dufour-zorba-boxer,DUFOUR/ZORBA,PROMO BOXER (mix),26-B948,Boxer mix,Boxer,S|M|L|XL,3800,2900,2350
dufour-boxer-docena,DUFOUR,PROMO BOXER DUFOUR POR DOCENA,21-11812.9,Boxer Dufour docena,Boxer,S|M|L|XL,27000,27000,27000
dufour-boxer-docena,DUFOUR,PROMO BOXER DUFOUR POR DOCENA,21-11788.9,Boxer Dufour docena,Boxer,S|M|L|XL,27000,27000,27000
dufour-boxer-docena,DUFOUR,PROMO BOXER DUFOUR POR DOCENA,21-11737.9,Boxer Dufour docena,Boxer,S|M|L|XL,27000,27000,27000
dufour-pack-boxer-x3,DUFOUR,PROMO PACK BOXER DUFOUR (x3),21-11737.4,Pack boxer Dufour,Boxer,S|M|L|XL,8500,7000,6500
dufour-boxer,DUFOUR,PROMO BOXER DUFOUR,21-11754,Boxer Dufour,Boxer,S|M|L|XL,7000,6000,5000
dufour-boxer,DUFOUR,PROMO BOXER DUFOUR,21-11755,Boxer Dufour,Boxer,S|M|L|XL,7000,6000,5000
dufour-boxer,DUFOUR,PROMO BOXER DUFOUR,21-11756,Boxer Dufour,Boxer,S|M|L|XL,7000,6000,5000
dufour-boxer,DUFOUR,PROMO BOXER DUFOUR,21-11757,Boxer Dufour,Boxer,S|M|L|XL,7000,6000,5000
dufour-boxer,DUFOUR,PROMO BOXER DUFOUR,21-11758,Boxer Dufour,Boxer,S|M|L|XL,7000,6000,5000
dufour-boxer,DUFOUR,PROMO BOXER DUFOUR,21-11778,Boxer Dufour,Boxer,S|M|L|XL,7000,6000,5000
dufour-boxer,DUFOUR,PROMO BOXER DUFOUR,21-11779,Boxer Dufour,Boxer,S|M|L|XL,7000,6000,5000
dufour-boxer,DUFOUR,PROMO BOXER DUFOUR,21-11785,Boxer Dufour,Boxer,S|M|L|XL,7000,6000,5000
dufour-boxer,DUFOUR,PROMO BOXER DUFOUR,21-11794,Boxer Dufour,Boxer,S|M|L|XL,7000,6000,5000
dufour-boxer,DUFOUR,PROMO BOXER DUFOUR,21-11843,Boxer Dufour,Boxer,S|M|L|XL,7000,6000,5000
dufour-boxer,DUFOUR,PROMO BOXER DUFOUR,21-12051,Boxer Dufour,Boxer,S|M|L|XL,7000,6000,5000
dufour-boxer,DUFOUR,PROMO BOXER DUFOUR,21-12058,Boxer Dufour,Boxer,S|M|L|XL,7000,6000,5000
cocot-calzas,COCOT,PROMO CALZAS COCOT,40-21000,Calza COCOT,Calzas,S|M|L|XL,12000,10000,10000
cocot-calzas,COCOT,PROMO CALZAS COCOT,40-21001,Calza COCOT,Calzas,S|M|L|XL,12000,10000,10000
cocot-pack-medias-x3,COCOT,PACK MEDIAS COCOT x3,40-3334.3M,Pack x3 COCOT,Medias,ÚNICO,7500,4125,4125
cocot-corpino-10000,COCOT,PROMO CORPIÑO COCOT,40-6238,Corpiño COCOT,Corpiños,85|90|95|100|105,10000,10000,10000
cocot-corpino-10000,COCOT,PROMO CORPIÑO COCOT,40-6248,Corpiño COCOT,Corpiños,85|90|95|100|105,10000,10000,10000
cocot-corpino-10000,COCOT,PROMO CORPIÑO COCOT,40-6047,Corpiño COCOT,Corpiños,85|90|95|100|105,10000,10000,10000
cocot-corpino-10000,COCOT,PROMO CORPIÑO COCOT,40-5535,Corpiño COCOT,Corpiños,85|90|95|100|105,10000,10000,10000
cocot-corpino-10000,COCOT,PROMO CORPIÑO COCOT,40-6044,Corpiño COCOT,Corpiños,85|90|95|100|105,10000,10000,10000
cocot-corpino-10000,COCOT,PROMO CORPIÑO COCOT,40-6239,Corpiño COCOT,Corpiños,85|90|95|100|105,10000,10000,10000
cocot-corpino-10000,COCOT,PROMO CORPIÑO COCOT,40-6247,Corpiño COCOT,Corpiños,85|90|95|100|105,10000,10000,10000
cocot-corpino-10000,COCOT,PROMO CORPIÑO COCOT,40-6157,Corpiño COCOT,Corpiños,85|90|95|100|105,10000,10000,10000
xy-kaury-natubel-acrobata-boxer,XY/KAURY MEN/NATUBEL/ACROBATA/RIO,PROMO BOXER XY-KAURY MEN - NATUBEL - ACROBATA,52-33,Boxer varias marcas,Boxer,S|M|L|XL,10000,8000,7000
xy-kaury-natubel-acrobata-boxer,XY/KAURY MEN/NATUBEL/ACROBATA/RIO,PROMO BOXER XY-KAURY MEN - NATUBEL - ACROBATA,52-37,Boxer varias marcas,Boxer,S|M|L|XL,10000,8000,7000
xy-kaury-natubel-acrobata-boxer,XY/KAURY MEN/NATUBEL/ACROBATA/RIO,PROMO BOXER XY-KAURY MEN - NATUBEL - ACROBATA,52-J87,Boxer varias marcas,Boxer,S|M|L|XL,10000,8000,7000
xy-kaury-natubel-acrobata-boxer,XY/KAURY MEN/NATUBEL/ACROBATA/RIO,PROMO BOXER XY-KAURY MEN - NATUBEL - ACROBATA,52-10,Boxer varias marcas,Boxer,S|M|L|XL,10000,8000,7000
xy-kaury-natubel-acrobata-boxer,XY/KAURY MEN/NATUBEL/ACROBATA/RIO,PROMO BOXER XY-KAURY MEN - NATUBEL - ACROBATA,52-11,Boxer varias marcas,Boxer,S|M|L|XL,10000,8000,7000
xy-kaury-natubel-acrobata-boxer,XY/KAURY MEN/NATUBEL/ACROBATA/RIO,PROMO BOXER XY-KAURY MEN - NATUBEL - ACROBATA,52-12,Boxer varias marcas,Boxer,S|M|L|XL,10000,8000,7000
xy-kaury-natubel-acrobata-boxer,XY/KAURY MEN/NATUBEL/ACROBATA/RIO,PROMO BOXER XY-KAURY MEN - NATUBEL - ACROBATA,52-15,Boxer varias marcas,Boxer,S|M|L|XL,10000,8000,7000
xy-kaury-natubel-acrobata-boxer,XY/KAURY MEN/NATUBEL/ACROBATA/RIO,PROMO BOXER XY-KAURY MEN - NATUBEL - ACROBATA,52-20,Boxer varias marcas,Boxer,S|M|L|XL,10000,8000,7000
xy-kaury-natubel-acrobata-boxer,XY/KAURY MEN/NATUBEL/ACROBATA/RIO,PROMO BOXER XY-KAURY MEN - NATUBEL - ACROBATA,52-21,Boxer varias marcas,Boxer,S|M|L|XL,10000,8000,7000
xy-kaury-natubel-acrobata-boxer,XY/KAURY MEN/NATUBEL/ACROBATA/RIO,PROMO BOXER XY-KAURY MEN - NATUBEL - ACROBATA,52-22,Boxer varias marcas,Boxer,S|M|L|XL,10000,8000,7000
xy-kaury-natubel-acrobata-boxer,XY/KAURY MEN/NATUBEL/ACROBATA/RIO,PROMO BOXER XY-KAURY MEN - NATUBEL - ACROBATA,52-23,Boxer varias marcas,Boxer,S|M|L|XL,10000,8000,7000
xy-kaury-natubel-acrobata-boxer,XY/KAURY MEN/NATUBEL/ACROBATA/RIO,PROMO BOXER XY-KAURY MEN - NATUBEL - ACROBATA,52-25,Boxer varias marcas,Boxer,S|M|L|XL,10000,8000,7000
xy-kaury-natubel-acrobata-boxer,XY/KAURY MEN/NATUBEL/ACROBATA/RIO,PROMO BOXER XY-KAURY MEN - NATUBEL - ACROBATA,52-26,Boxer varias marcas,Boxer,S|M|L|XL,10000,8000,7000
xy-kaury-natubel-acrobata-boxer,XY/KAURY MEN/NATUBEL/ACROBATA/RIO,PROMO BOXER XY-KAURY MEN - NATUBEL - ACROBATA,52-32,Boxer varias marcas,Boxer,S|M|L|XL,10000,8000,7000
xy-kaury-natubel-acrobata-boxer,XY/KAURY MEN/NATUBEL/ACROBATA/RIO,PROMO BOXER XY-KAURY MEN - NATUBEL - ACROBATA,52-34,Boxer varias marcas,Boxer,S|M|L|XL,10000,8000,7000
xy-kaury-natubel-acrobata-boxer,XY/KAURY MEN/NATUBEL/ACROBATA/RIO,PROMO BOXER XY-KAURY MEN - NATUBEL - ACROBATA,52-35,Boxer varias marcas,Boxer,S|M|L|XL,10000,8000,7000
xy-kaury-natubel-acrobata-boxer,XY/KAURY MEN/NATUBEL/ACROBATA/RIO,PROMO BOXER XY-KAURY MEN - NATUBEL - ACROBATA,52-36,Boxer varias marcas,Boxer,S|M|L|XL,10000,8000,7000
xy-kaury-natubel-acrobata-boxer,XY/KAURY MEN/NATUBEL/ACROBATA/RIO,PROMO BOXER XY-KAURY MEN - NATUBEL - ACROBATA,52-38,Boxer varias marcas,Boxer,S|M|L|XL,10000,8000,7000
xy-kaury-natubel-acrobata-boxer,XY/KAURY MEN/NATUBEL/ACROBATA/RIO,PROMO BOXER XY-KAURY MEN - NATUBEL - ACROBATA,52-16 SLIP,Boxer varias marcas,Boxer,S|M|L|XL,10000,8000,7000
xy-kaury-natubel-acrobata-boxer,XY/KAURY MEN/NATUBEL/ACROBATA/RIO,PROMO BOXER XY-KAURY MEN - NATUBEL - ACROBATA,52-17 SLIP,Boxer varias marcas,Boxer,S|M|L|XL,10000,8000,7000
xy-kaury-natubel-acrobata-boxer,XY/KAURY MEN/NATUBEL/ACROBATA/RIO,PROMO BOXER XY-KAURY MEN - NATUBEL - ACROBATA,38-75,Boxer varias marcas,Boxer,S|M|L|XL,10000,8000,7000
xy-kaury-natubel-acrobata-boxer,XY/KAURY MEN/NATUBEL/ACROBATA/RIO,PROMO BOXER XY-KAURY MEN - NATUBEL - ACROBATA,1-5249,Boxer varias marcas,Boxer,S|M|L|XL,10000,8000,7000
xy-kaury-natubel-acrobata-boxer,XY/KAURY MEN/NATUBEL/ACROBATA/RIO,PROMO BOXER XY-KAURY MEN - NATUBEL - ACROBATA,1-5241,Boxer varias marcas,Boxer,S|M|L|XL,10000,8000,7000
xy-kaury-natubel-acrobata-boxer,XY/KAURY MEN/NATUBEL/ACROBATA/RIO,PROMO BOXER XY-KAURY MEN - NATUBEL - ACROBATA,24-1381,Boxer varias marcas,Boxer,S|M|L|XL,10000,8000,7000
xy-kaury-natubel-acrobata-boxer,XY/KAURY MEN/NATUBEL/ACROBATA/RIO,PROMO BOXER XY-KAURY MEN - NATUBEL - ACROBATA,24-1387,Boxer varias marcas,Boxer,S|M|L|XL,10000,8000,7000
xy-kaury-natubel-acrobata-boxer,XY/KAURY MEN/NATUBEL/ACROBATA/RIO,PROMO BOXER XY-KAURY MEN - NATUBEL - ACROBATA,24-1600,Boxer varias marcas,Boxer,S|M|L|XL,10000,8000,7000
xy-kaury-natubel-acrobata-boxer,XY/KAURY MEN/NATUBEL/ACROBATA/RIO,PROMO BOXER XY-KAURY MEN - NATUBEL - ACROBATA,24-001,Boxer varias marcas,Boxer,S|M|L|XL,10000,8000,7000
xy-kaury-natubel-acrobata-boxer,XY/KAURY MEN/NATUBEL/ACROBATA/RIO,PROMO BOXER XY-KAURY MEN - NATUBEL - ACROBATA,24-1302,Boxer varias marcas,Boxer,S|M|L|XL,10000,8000,7000
xy-kaury-natubel-acrobata-boxer,XY/KAURY MEN/NATUBEL/ACROBATA/RIO,PROMO BOXER XY-KAURY MEN - NATUBEL - ACROBATA,24-1304,Boxer varias marcas,Boxer,S|M|L|XL,10000,8000,7000
xy-kaury-natubel-acrobata-boxer,XY/KAURY MEN/NATUBEL/ACROBATA/RIO,PROMO BOXER XY-KAURY MEN - NATUBEL - ACROBATA,24-1307,Boxer varias marcas,Boxer,S|M|L|XL,10000,8000,7000
xy-kaury-natubel-acrobata-boxer,XY/KAURY MEN/NATUBEL/ACROBATA/RIO,PROMO BOXER XY-KAURY MEN - NATUBEL - ACROBATA,24-1311,Boxer varias marcas,Boxer,S|M|L|XL,10000,8000,7000
xy-kaury-natubel-acrobata-boxer,XY/KAURY MEN/NATUBEL/ACROBATA/RIO,PROMO BOXER XY-KAURY MEN - NATUBEL - ACROBATA,24-1312,Boxer varias marcas,Boxer,S|M|L|XL,10000,8000,7000
xy-kaury-natubel-acrobata-boxer,XY/KAURY MEN/NATUBEL/ACROBATA/RIO,PROMO BOXER XY-KAURY MEN - NATUBEL - ACROBATA,24-1313,Boxer varias marcas,Boxer,S|M|L|XL,10000,8000,7000
xy-kaury-natubel-acrobata-boxer,XY/KAURY MEN/NATUBEL/ACROBATA/RIO,PROMO BOXER XY-KAURY MEN - NATUBEL - ACROBATA,24-1317,Boxer varias marcas,Boxer,S|M|L|XL,10000,8000,7000
xy-kaury-natubel-acrobata-boxer,XY/KAURY MEN/NATUBEL/ACROBATA/RIO,PROMO BOXER XY-KAURY MEN - NATUBEL - ACROBATA,24-1318,Boxer varias marcas,Boxer,S|M|L|XL,10000,8000,7000
xy-kaury-natubel-acrobata-boxer,XY/KAURY MEN/NATUBEL/ACROBATA/RIO,PROMO BOXER XY-KAURY MEN - NATUBEL - ACROBATA,24-1321,Boxer varias marcas,Boxer,S|M|L|XL,10000,8000,7000
xy-kaury-natubel-acrobata-boxer,XY/KAURY MEN/NATUBEL/ACROBATA/RIO,PROMO BOXER XY-KAURY MEN - NATUBEL - ACROBATA,24-1322,Boxer varias marcas,Boxer,S|M|L|XL,10000,8000,7000
xy-kaury-natubel-acrobata-boxer,XY/KAURY MEN/NATUBEL/ACROBATA/RIO,PROMO BOXER XY-KAURY MEN - NATUBEL - ACROBATA,24-1324,Boxer varias marcas,Boxer,S|M|L|XL,10000,8000,7000
xy-kaury-natubel-acrobata-boxer,XY/KAURY MEN/NATUBEL/ACROBATA/RIO,PROMO BOXER XY-KAURY MEN - NATUBEL - ACROBATA,24-1327,Boxer varias marcas,Boxer,S|M|L|XL,10000,8000,7000
xy-kaury-natubel-acrobata-boxer,XY/KAURY MEN/NATUBEL/ACROBATA/RIO,PROMO BOXER XY-KAURY MEN - NATUBEL - ACROBATA,24-1328,Boxer varias marcas,Boxer,S|M|L|XL,10000,8000,7000
xy-kaury-natubel-acrobata-boxer,XY/KAURY MEN/NATUBEL/ACROBATA/RIO,PROMO BOXER XY-KAURY MEN - NATUBEL - ACROBATA,24-1337,Boxer varias marcas,Boxer,S|M|L|XL,10000,8000,7000
xy-kaury-natubel-acrobata-boxer,XY/KAURY MEN/NATUBEL/ACROBATA/RIO,PROMO BOXER XY-KAURY MEN - NATUBEL - ACROBATA,24-1352,Boxer varias marcas,Boxer,S|M|L|XL,10000,8000,7000
xy-kaury-natubel-acrobata-boxer,XY/KAURY MEN/NATUBEL/ACROBATA/RIO,PROMO BOXER XY-KAURY MEN - NATUBEL - ACROBATA,24-1354,Boxer varias marcas,Boxer,S|M|L|XL,10000,8000,7000
xy-kaury-natubel-acrobata-boxer,XY/KAURY MEN/NATUBEL/ACROBATA/RIO,PROMO BOXER XY-KAURY MEN - NATUBEL - ACROBATA,24-1355,Boxer varias marcas,Boxer,S|M|L|XL,10000,8000,7000
xy-kaury-natubel-acrobata-boxer,XY/KAURY MEN/NATUBEL/ACROBATA/RIO,PROMO BOXER XY-KAURY MEN - NATUBEL - ACROBATA,24-1356,Boxer varias marcas,Boxer,S|M|L|XL,10000,8000,7000
xy-kaury-natubel-acrobata-boxer,XY/KAURY MEN/NATUBEL/ACROBATA/RIO,PROMO BOXER XY-KAURY MEN - NATUBEL - ACROBATA,24-1357,Boxer varias marcas,Boxer,S|M|L|XL,10000,8000,7000
xy-kaury-natubel-acrobata-boxer,XY/KAURY MEN/NATUBEL/ACROBATA/RIO,PROMO BOXER XY-KAURY MEN - NATUBEL - ACROBATA,24-1370,Boxer varias marcas,Boxer,S|M|L|XL,10000,8000,7000
xy-kaury-natubel-acrobata-boxer,XY/KAURY MEN/NATUBEL/ACROBATA/RIO,PROMO BOXER XY-KAURY MEN - NATUBEL - ACROBATA,24-1374,Boxer varias marcas,Boxer,S|M|L|XL,10000,8000,7000
xy-kaury-natubel-acrobata-boxer,XY/KAURY MEN/NATUBEL/ACROBATA/RIO,PROMO BOXER XY-KAURY MEN - NATUBEL - ACROBATA,24-1390,Boxer varias marcas,Boxer,S|M|L|XL,10000,8000,7000
xy-kaury-natubel-acrobata-boxer,XY/KAURY MEN/NATUBEL/ACROBATA/RIO,PROMO BOXER XY-KAURY MEN - NATUBEL - ACROBATA,24-1395,Boxer varias marcas,Boxer,S|M|L|XL,10000,8000,7000
xy-kaury-natubel-acrobata-boxer,XY/KAURY MEN/NATUBEL/ACROBATA/RIO,PROMO BOXER XY-KAURY MEN - NATUBEL - ACROBATA,24-1396,Boxer varias marcas,Boxer,S|M|L|XL,10000,8000,7000
xy-kaury-natubel-acrobata-boxer,XY/KAURY MEN/NATUBEL/ACROBATA/RIO,PROMO BOXER XY-KAURY MEN - NATUBEL - ACROBATA,24-1397,Boxer varias marcas,Boxer,S|M|L|XL,10000,8000,7000
xy-kaury-natubel-acrobata-boxer,XY/KAURY MEN/NATUBEL/ACROBATA/RIO,PROMO BOXER XY-KAURY MEN - NATUBEL - ACROBATA,24-1398,Boxer varias marcas,Boxer,S|M|L|XL,10000,8000,7000
xy-kaury-natubel-acrobata-boxer,XY/KAURY MEN/NATUBEL/ACROBATA/RIO,PROMO BOXER XY-KAURY MEN - NATUBEL - ACROBATA,24-3900,Boxer varias marcas,Boxer,S|M|L|XL,10000,8000,7000
xy-kaury-natubel-acrobata-boxer,XY/KAURY MEN/NATUBEL/ACROBATA/RIO,PROMO BOXER XY-KAURY MEN - NATUBEL - ACROBATA,24-2300,Boxer varias marcas,Boxer,S|M|L|XL,10000,8000,7000
xy-kaury-natubel-acrobata-boxer,XY/KAURY MEN/NATUBEL/ACROBATA/RIO,PROMO BOXER XY-KAURY MEN - NATUBEL - ACROBATA,24-2426,Boxer varias marcas,Boxer,S|M|L|XL,10000,8000,7000
xy-kaury-natubel-acrobata-boxer,XY/KAURY MEN/NATUBEL/ACROBATA/RIO,PROMO BOXER XY-KAURY MEN - NATUBEL - ACROBATA,24-2438,Boxer varias marcas,Boxer,S|M|L|XL,10000,8000,7000
xy-kaury-natubel-acrobata-boxer,XY/KAURY MEN/NATUBEL/ACROBATA/RIO,PROMO BOXER XY-KAURY MEN - NATUBEL - ACROBATA,24-2490,Boxer varias marcas,Boxer,S|M|L|XL,10000,8000,7000
xy-kaury-natubel-acrobata-boxer,XY/KAURY MEN/NATUBEL/ACROBATA/RIO,PROMO BOXER XY-KAURY MEN - NATUBEL - ACROBATA,24-2700,Boxer varias marcas,Boxer,S|M|L|XL,10000,8000,7000
xy-kaury-natubel-acrobata-boxer,XY/KAURY MEN/NATUBEL/ACROBATA/RIO,PROMO BOXER XY-KAURY MEN - NATUBEL - ACROBATA,49-5034,Boxer varias marcas,Boxer,S|M|L|XL,10000,8000,7000
xy-kaury-natubel-acrobata-boxer,XY/KAURY MEN/NATUBEL/ACROBATA/RIO,PROMO BOXER XY-KAURY MEN - NATUBEL - ACROBATA,49-5048,Boxer varias marcas,Boxer,S|M|L|XL,10000,8000,7000
xy-kaury-natubel-acrobata-boxer,XY/KAURY MEN/NATUBEL/ACROBATA/RIO,PROMO BOXER XY-KAURY MEN - NATUBEL - ACROBATA,49-5051,Boxer varias marcas,Boxer,S|M|L|XL,10000,8000,7000
xy-kaury-natubel-acrobata-boxer,XY/KAURY MEN/NATUBEL/ACROBATA/RIO,PROMO BOXER XY-KAURY MEN - NATUBEL - ACROBATA,49-5056,Boxer varias marcas,Boxer,S|M|L|XL,10000,8000,7000
xy-kaury-natubel-acrobata-boxer,XY/KAURY MEN/NATUBEL/ACROBATA/RIO,PROMO BOXER XY-KAURY MEN - NATUBEL - ACROBATA,49-5061,Boxer varias marcas,Boxer,S|M|L|XL,10000,8000,7000
xy-kaury-natubel-acrobata-boxer,XY/KAURY MEN/NATUBEL/ACROBATA/RIO,PROMO BOXER XY-KAURY MEN - NATUBEL - ACROBATA,49-5072,Boxer varias marcas,Boxer,S|M|L|XL,10000,8000,7000
xy-kaury-natubel-acrobata-boxer,XY/KAURY MEN/NATUBEL/ACROBATA/RIO,PROMO BOXER XY-KAURY MEN - NATUBEL - ACROBATA,49-5086,Boxer varias marcas,Boxer,S|M|L|XL,10000,8000,7000
xy-kaury-natubel-acrobata-boxer,XY/KAURY MEN/NATUBEL/ACROBATA/RIO,PROMO BOXER XY-KAURY MEN - NATUBEL - ACROBATA,49-5087,Boxer varias marcas,Boxer,S|M|L|XL,10000,8000,7000
xy-kaury-natubel-acrobata-boxer,XY/KAURY MEN/NATUBEL/ACROBATA/RIO,PROMO BOXER XY-KAURY MEN - NATUBEL - ACROBATA,49-5114,Boxer varias marcas,Boxer,S|M|L|XL,10000,8000,7000
xy-kaury-natubel-acrobata-boxer,XY/KAURY MEN/NATUBEL/ACROBATA/RIO,PROMO BOXER XY-KAURY MEN - NATUBEL - ACROBATA,49-5123,Boxer varias marcas,Boxer,S|M|L|XL,10000,8000,7000
xy-kaury-natubel-acrobata-boxer,XY/KAURY MEN/NATUBEL/ACROBATA/RIO,PROMO BOXER XY-KAURY MEN - NATUBEL - ACROBATA,49-5125,Boxer varias marcas,Boxer,S|M|L|XL,10000,8000,7000
xy-kaury-natubel-acrobata-boxer,XY/KAURY MEN/NATUBEL/ACROBATA/RIO,PROMO BOXER XY-KAURY MEN - NATUBEL - ACROBATA,49-5118,Boxer varias marcas,Boxer,S|M|L|XL,10000,8000,7000
xy-kaury-natubel-acrobata-boxer,XY/KAURY MEN/NATUBEL/ACROBATA/RIO,PROMO BOXER XY-KAURY MEN - NATUBEL - ACROBATA,49-5063,Boxer varias marcas,Boxer,S|M|L|XL,10000,8000,7000
boxer-generico-6000-5000-4000,VARIOS,PROMO BOXER,52-J110,Boxer,Boxer,S|M|L|XL,6000,5000,4000
boxer-generico-6000-5000-4000,VARIOS,PROMO BOXER,1-2069,Boxer,Boxer,S|M|L|XL,6000,5000,4000
boxer-generico-6000-5000-4000,VARIOS,PROMO BOXER,1-5031,Boxer,Boxer,S|M|L|XL,6000,5000,4000
boxer-generico-6000-5000-4000,VARIOS,PROMO BOXER,1-5467,Boxer,Boxer,S|M|L|XL,6000,5000,4000
xy-camisetas,XY,PROMO CAMISETAS XY,24-6000,Camiseta XY,Camisetas,S|M|L|XL,20000,15000,15000
xy-camisetas,XY,PROMO CAMISETAS XY,24-6001,Camiseta XY,Camisetas,S|M|L|XL,20000,15000,15000
natubel-conjuntos-varios-1,NATUBEL,PROMO CONJUNTOS NATUBEL,38-22,Conjunto Natubel,Conjuntos,85|90|95|100,9000,7500,7500
natubel-conjuntos-varios-1,NATUBEL,PROMO CONJUNTOS NATUBEL,38-25,Conjunto Natubel,Conjuntos,85|90|95|100,9000,7500,7500
natubel-conjuntos-varios-2,NATUBEL,PROMO CONJUNTOS NATUBEL,38-4115,Conjunto Natubel,Conjuntos,85|90|95|100,6500,6500,5500
natubel-conjuntos-varios-3,NATUBEL,PROMO CONJUNTOS NATUBEL,38-380,Conjunto Natubel,Conjuntos,85|90|95|100,12000,10000,8500
natubel-conjuntos-varios-3,NATUBEL,PROMO CONJUNTOS NATUBEL,38-350,Conjunto Natubel,Conjuntos,85|90|95|100,12000,10000,8500
natubel-conjuntos-varios-3,NATUBEL,PROMO CONJUNTOS NATUBEL,38-340,Conjunto Natubel,Conjuntos,85|90|95|100,12000,10000,8500
kaury-men-boxer-largo,KAURY MEN,PROMO BOXER LARGO KAURY MEN,52-18,Boxer largo KAURY MEN,Boxer Largo,S|M|L|XL,10000,10000,10000
kaury-men-boxer-largo,KAURY MEN,PROMO BOXER LARGO KAURY MEN,52-19,Boxer largo KAURY MEN,Boxer Largo,S|M|L|XL,10000,10000,10000
tiento-oferta-conjuntos,TIENTO,PROMO CONJUNTOS DE OFERTA TIENTO,18-611,Conjunto Tiento (oferta),Conjuntos,85|90|95|100,8500,7500,7500
tiento-oferta-conjuntos,TIENTO,PROMO CONJUNTOS DE OFERTA TIENTO,18-666,Conjunto Tiento (oferta),Conjuntos,85|90|95|100,8500,7500,7500
tiento-oferta-conjuntos,TIENTO,PROMO CONJUNTOS DE OFERTA TIENTO,18-667,Conjunto Tiento (oferta),Conjuntos,85|90|95|100,8500,7500,7500
tiento-oferta-conjuntos,TIENTO,PROMO CONJUNTOS DE OFERTA TIENTO,18-668,Conjunto Tiento (oferta),Conjuntos,85|90|95|100,8500,7500,7500
tiento-oferta-conjuntos,TIENTO,PROMO CONJUNTOS DE OFERTA TIENTO,18-669,Conjunto Tiento (oferta),Conjuntos,85|90|95|100,8500,7500,7500
tiento-oferta-conjuntos,TIENTO,PROMO CONJUNTOS DE OFERTA TIENTO,18-670,Conjunto Tiento (oferta),Conjuntos,85|90|95|100,8500,7500,7500
tiento-oferta-conjuntos,TIENTO,PROMO CONJUNTOS DE OFERTA TIENTO,18-800P,Conjunto Tiento (oferta),Conjuntos,85|90|95|100,8500,7500,7500
tiento-oferta-conjuntos,TIENTO,PROMO CONJUNTOS DE OFERTA TIENTO,18-555,Conjunto Tiento (oferta),Conjuntos,85|90|95|100,8500,7500,7500
tiento-conjuntos-9000,TIENTO,PROMO TIENTO,18-409,Conjunto/Body/Camisolín Tiento,Conjuntos,85|90|95|100,9000,9000,9000
tiento-conjuntos-9000,TIENTO,PROMO TIENTO,18-411,Conjunto/Body/Camisolín Tiento,Conjuntos,85|90|95|100,9000,9000,9000
tiento-conjuntos-9000,TIENTO,PROMO TIENTO,18-706,Conjunto/Body/Camisolín Tiento,Conjuntos,85|90|95|100,9000,9000,9000
tiento-conjuntos-9000,TIENTO,PROMO TIENTO,18-759,Conjunto/Body/Camisolín Tiento,Conjuntos,85|90|95|100,9000,9000,9000
tiento-conjuntos-9000,TIENTO,PROMO TIENTO,18-771,Conjunto/Body/Camisolín Tiento,Conjuntos,85|90|95|100,9000,9000,9000
tiento-conjuntos-9000,TIENTO,PROMO TIENTO,18-779,Conjunto/Body/Camisolín Tiento,Conjuntos,85|90|95|100,9000,9000,9000
tiento-conjuntos-9000,TIENTO,PROMO TIENTO,18-802,Conjunto/Body/Camisolín Tiento,Conjuntos,85|90|95|100,9000,9000,9000
tiento-conjuntos-9000,TIENTO,PROMO TIENTO,18-808,Conjunto/Body/Camisolín Tiento,Conjuntos,85|90|95|100,9000,9000,9000
tiento-conjuntos-9000,TIENTO,PROMO TIENTO,18-810,Conjunto/Body/Camisolín Tiento,Conjuntos,85|90|95|100,9000,9000,9000
tiento-conjuntos-9000,TIENTO,PROMO TIENTO,18-495,Conjunto/Body/Camisolín Tiento,Conjuntos,85|90|95|100,9000,9000,9000
tiento-conjuntos-9000,TIENTO,PROMO TIENTO,18-602,Conjunto/Body/Camisolín Tiento,Conjuntos,85|90|95|100,9000,9000,9000
tiento-conjuntos-9000,TIENTO,PROMO TIENTO,18-609,Conjunto/Body/Camisolín Tiento,Conjuntos,85|90|95|100,9000,9000,9000
tiento-conjuntos-9000,TIENTO,PROMO TIENTO,18-661,Conjunto/Body/Camisolín Tiento,Conjuntos,85|90|95|100,9000,9000,9000
tiento-conjuntos-9000,TIENTO,PROMO TIENTO,18-702,Conjunto/Body/Camisolín Tiento,Conjuntos,85|90|95|100,9000,9000,9000
tiento-conjuntos-9000,TIENTO,PROMO TIENTO,18-721,Conjunto/Body/Camisolín Tiento,Conjuntos,85|90|95|100,9000,9000,9000
tiento-conjuntos-9000,TIENTO,PROMO TIENTO,18-754,Conjunto/Body/Camisolín Tiento,Conjuntos,85|90|95|100,9000,9000,9000
tiento-conjuntos-9000,TIENTO,PROMO TIENTO,18-914,Conjunto/Body/Camisolín Tiento,Conjuntos,85|90|95|100,9000,9000,9000
tiento-conjuntos-9000,TIENTO,PROMO TIENTO,18-242,Conjunto/Body/Camisolín Tiento,Conjuntos,85|90|95|100,9000,9000,9000
tiento-conjuntos-9000,TIENTO,PROMO TIENTO,18-777,Conjunto/Body/Camisolín Tiento,Conjuntos,85|90|95|100,9000,9000,9000
tiento-conjuntos-9500-8500,TIENTO,PROMO TIENTO,18-769,Conjunto Tiento 2,Conjuntos/Body,85|90|95|100,9500,8500,8500
tiento-conjuntos-9500-8500,TIENTO,PROMO TIENTO,18-913,Conjunto Tiento 2,Conjuntos/Body,85|90|95|100,9500,8500,8500
tiento-conjuntos-9500-8500,TIENTO,PROMO TIENTO,18-720,Conjunto Tiento 2,Conjuntos/Body,85|90|95|100,9500,8500,8500
tiento-conjuntos-9500-8500,TIENTO,PROMO TIENTO,18-662,Conjunto Tiento 2,Conjuntos/Body,85|90|95|100,9500,8500,8500
tiento-conjuntos-9500-8500,TIENTO,PROMO TIENTO,18-472,Conjunto Tiento 2,Conjuntos/Body,85|90|95|100,9500,8500,8500
tiento-conjuntos-9500-8500,TIENTO,PROMO TIENTO,18-617,Conjunto Tiento 2,Conjuntos/Body,85|90|95|100,9500,8500,8500
tiento-conjuntos-9500-8500,TIENTO,PROMO TIENTO,18-917,Conjunto Tiento 2,Conjuntos/Body,85|90|95|100,9500,8500,8500
tiento-conjuntos-9500-8500,TIENTO,PROMO TIENTO,18-727,Conjunto Tiento 2,Conjuntos/Body,85|90|95|100,9500,8500,8500
tiento-conjuntos-9500-8500,TIENTO,PROMO TIENTO,18-793,Conjunto Tiento 2,Conjuntos/Body,85|90|95|100,9500,8500,8500
tiento-conjuntos-9500-8500,TIENTO,PROMO TIENTO,18-762,Conjunto Tiento 2,Conjuntos/Body,85|90|95|100,9500,8500,8500
tiento-conjuntos-9500-8500,TIENTO,PROMO TIENTO,18-1768,Conjunto Tiento 2,Conjuntos/Body,85|90|95|100,9500,8500,8500
tiento-conjunto-10000-8000,TIENTO,PROMO CONJUNTO TIENTO,18-222,Conjunto Tiento,Conjunto,85|90|95|100,10000,8000,8000
sexy-lali-1,SEXY LALI,PROMO SEXY LALI 1,33-900,Conjunto Sexy Lali 1,Conjuntos,85|90|95|100,10000,10000,10000
sexy-lali-1,SEXY LALI,PROMO SEXY LALI 1,33-910,Conjunto Sexy Lali 1,Conjuntos,85|90|95|100,10000,10000,10000
sexy-lali-1,SEXY LALI,PROMO SEXY LALI 1,33-2080,Conjunto Sexy Lali 1,Conjuntos,85|90|95|100,10000,10000,10000
sexy-lali-1,SEXY LALI,PROMO SEXY LALI 1,33-1055,Conjunto Sexy Lali 1,Conjuntos,85|90|95|100,10000,10000,10000
sexy-lali-1,SEXY LALI,PROMO SEXY LALI 1,33-1060,Conjunto Sexy Lali 1,Conjuntos,85|90|95|100,10000,10000,10000
sexy-lali-1,SEXY LALI,PROMO SEXY LALI 1,33-1065,Conjunto Sexy Lali 1,Conjuntos,85|90|95|100,10000,10000,10000
sexy-lali-1,SEXY LALI,PROMO SEXY LALI 1,33-1066,Conjunto Sexy Lali 1,Conjuntos,85|90|95|100,10000,10000,10000
sexy-lali-1,SEXY LALI,PROMO SEXY LALI 1,33-1070,Conjunto Sexy Lali 1,Conjuntos,85|90|95|100,10000,10000,10000
sexy-lali-1,SEXY LALI,PROMO SEXY LALI 1,33-1082,Conjunto Sexy Lali 1,Conjuntos,85|90|95|100,10000,10000,10000
sexy-lali-1,SEXY LALI,PROMO SEXY LALI 1,33-1085,Conjunto Sexy Lali 1,Conjuntos,85|90|95|100,10000,10000,10000
sexy-lali-2,SEXY LALI,PROMO SEXY LALI 2,33-2045,Conjunto Sexy Lali 2,Conjuntos,85|90|95|100,13000,13000,13000
sexy-lali-2,SEXY LALI,PROMO SEXY LALI 2,33-2042,Conjunto Sexy Lali 2,Conjuntos,85|90|95|100,13000,13000,13000
sexy-lali-2,SEXY LALI,PROMO SEXY LALI 2,33-2042/E,Conjunto Sexy Lali 2,Conjuntos,85|90|95|100,13000,13000,13000
sexy-lali-2,SEXY LALI,PROMO SEXY LALI 2,33-2043,Conjunto Sexy Lali 2,Conjuntos,85|90|95|100,13000,13000,13000
sexy-lali-2,SEXY LALI,PROMO SEXY LALI 2,33-2047,Conjunto Sexy Lali 2,Conjuntos,85|90|95|100,13000,13000,13000
sexy-lali-2,SEXY LALI,PROMO SEXY LALI 2,33-2061,Conjunto Sexy Lali 2,Conjuntos,85|90|95|100,13000,13000,13000
sexy-lali-2,SEXY LALI,PROMO SEXY LALI 2,33-2056,Conjunto Sexy Lali 2,Conjuntos,85|90|95|100,13000,13000,13000
sexy-lali-3,SEXY LALI,PROMO SEXY LALI 3,33-1001,Conjunto Sexy Lali 3,Conjuntos,85|90|95|100,6000,6000,6000
sexy-lali-3,SEXY LALI,PROMO SEXY LALI 3,33-1003,Conjunto Sexy Lali 3,Conjuntos,85|90|95|100,6000,6000,6000
sexy-lali-3,SEXY LALI,PROMO SEXY LALI 3,33-1050,Conjunto Sexy Lali 3,Conjuntos,85|90|95|100,6000,6000,6000
sexy-lali-3,SEXY LALI,PROMO SEXY LALI 3,33-2038,Conjunto Sexy Lali 3,Conjuntos,85|90|95|100,6000,6000,6000
sexy-lali-3,SEXY LALI,PROMO SEXY LALI 3,33-2040,Conjunto Sexy Lali 3,Conjuntos,85|90|95|100,6000,6000,6000
kaury-conjunto-j,KAURY,CONJUNTO J KAURY,29-J41,Conjunto J KAURY,Conjuntos,85|90|95|100|105,10000,8000,6720
kaury-conjunto-j,KAURY,CONJUNTO J KAURY,29-J49,Conjunto J KAURY,Conjuntos,85|90|95|100|105,10000,8000,6720
kaury-conjunto-j,KAURY,CONJUNTO J KAURY,29-J50,Conjunto J KAURY,Conjuntos,85|90|95|100|105,10000,8000,6720
kaury-conjunto-j,KAURY,CONJUNTO J KAURY,29-J51,Conjunto J KAURY,Conjuntos,85|90|95|100|105,10000,8000,6720
kaury-conjunto-j,KAURY,CONJUNTO J KAURY,29-J53,Conjunto J KAURY,Conjuntos,85|90|95|100|105,10000,8000,6720
kaury-conjunto-j,KAURY,CONJUNTO J KAURY,29-J54,Conjunto J KAURY,Conjuntos,85|90|95|100|105,10000,8000,6720
kaury-conjunto-j,KAURY,CONJUNTO J KAURY,29-J56,Conjunto J KAURY,Conjuntos,85|90|95|100|105,10000,8000,6720
kaury-conjunto-j,KAURY,CONJUNTO J KAURY,29-j57,Conjunto J KAURY,Conjuntos,85|90|95|100|105,10000,8000,6720
kaury-conjunto-j,KAURY,CONJUNTO J KAURY,29-J58,Conjunto J KAURY,Conjuntos,85|90|95|100|105,10000,8000,6720
kaury-conjunto-j,KAURY,CONJUNTO J KAURY,29-J61,Conjunto J KAURY,Conjuntos,85|90|95|100|105,10000,8000,6720
kaury-conjunto-j,KAURY,CONJUNTO J KAURY,29-J62,Conjunto J KAURY,Conjuntos,85|90|95|100|105,10000,8000,6720
kaury-conjunto-j,KAURY,CONJUNTO J KAURY,29-J63,Conjunto J KAURY,Conjuntos,85|90|95|100|105,10000,8000,6720
kaury-conjunto-j,KAURY,CONJUNTO J KAURY,29-j64,Conjunto J KAURY,Conjuntos,85|90|95|100|105,10000,8000,6720
kaury-conjunto-j,KAURY,CONJUNTO J KAURY,29-J73,Conjunto J KAURY,Conjuntos,85|90|95|100|105,10000,8000,6720
kaury-conjunto-j,KAURY,CONJUNTO J KAURY,29-J74,Conjunto J KAURY,Conjuntos,85|90|95|100|105,10000,8000,6720
kaury-conjunto-j,KAURY,CONJUNTO J KAURY,29-J75,Conjunto J KAURY,Conjuntos,85|90|95|100|105,10000,8000,6720
kaury-conjunto-j,KAURY,CONJUNTO J KAURY,29-J76,Conjunto J KAURY,Conjuntos,85|90|95|100|105,10000,8000,6720
kaury-conjunto-j,KAURY,CONJUNTO J KAURY,29-J78,Conjunto J KAURY,Conjuntos,85|90|95|100|105,10000,8000,6720
kaury-conjunto-j,KAURY,CONJUNTO J KAURY,29-J80,Conjunto J KAURY,Conjuntos,85|90|95|100|105,10000,8000,6720
kaury-conjunto-j,KAURY,CONJUNTO J KAURY,29-J81,Conjunto J KAURY,Conjuntos,85|90|95|100|105,10000,8000,6720
kaury-conjunto-j,KAURY,CONJUNTO J KAURY,29-J84,Conjunto J KAURY,Conjuntos,85|90|95|100|105,10000,8000,6720
kaury-conjunto-j,KAURY,CONJUNTO J KAURY,29-J85,Conjunto J KAURY,Conjuntos,85|90|95|100|105,10000,8000,6720
kaury-conjunto-j,KAURY,CONJUNTO J KAURY,29-J88,Conjunto J KAURY,Conjuntos,85|90|95|100|105,10000,8000,6720
kaury-conjunto-j,KAURY,CONJUNTO J KAURY,29-J89,Conjunto J KAURY,Conjuntos,85|90|95|100|105,10000,8000,6720
kaury-conjunto-j,KAURY,CONJUNTO J KAURY,29-J90,Conjunto J KAURY,Conjuntos,85|90|95|100|105,10000,8000,6720
kaury-conjunto-j,KAURY,CONJUNTO J KAURY,29-J93,Conjunto J KAURY,Conjuntos,85|90|95|100|105,10000,8000,6720
kaury-conjunto-j,KAURY,CONJUNTO J KAURY,29-J94,Conjunto J KAURY,Conjuntos,85|90|95|100|105,10000,8000,6720
kaury-conjunto-j,KAURY,CONJUNTO J KAURY,29-J18,Conjunto J KAURY,Conjuntos,85|90|95|100|105,10000,8000,6720
kaury-conjunto-j,KAURY,CONJUNTO J KAURY,29-J101,Conjunto J KAURY,Conjuntos,85|90|95|100|105,10000,8000,6720
kaury-conjuntos-12000,KAURY,PROMO KAURY – CONJUNTOS,29-8148,Kaury,Kaury Varios,85|90|95|100,12000,12000,12000
kaury-conjuntos-12000,KAURY,PROMO KAURY – CONJUNTOS,29-8097,Kaury,Kaury Varios,85|90|95|100,12000,12000,12000
kaury-conjuntos-12000,KAURY,PROMO KAURY – CONJUNTOS,29-8145,Kaury,Kaury Varios,85|90|95|100,12000,12000,12000
kaury-conjuntos-12000,KAURY,PROMO KAURY – CONJUNTOS,29-7070,Kaury,Kaury Varios,85|90|95|100,12000,12000,12000
kaury-conjuntos-12000,KAURY,PROMO KAURY – CONJUNTOS,29-8120,Kaury,Kaury Varios,85|90|95|100,12000,12000,12000
kaury-conjuntos-12000,KAURY,PROMO KAURY – CONJUNTOS,29-8118,Kaury,Kaury Varios,85|90|95|100,12000,12000,12000
kaury-conjuntos-12000,KAURY,PROMO KAURY – CONJUNTOS,29-8099,Kaury,Kaury Varios,85|90|95|100,12000,12000,12000
kaury-conjuntos-12000,KAURY,PROMO KAURY – CONJUNTOS,29-8182,Kaury,Kaury Varios,85|90|95|100,12000,12000,12000
kaury-conjuntos-12000,KAURY,PROMO KAURY – CONJUNTOS,29-0001,Kaury,Kaury Varios,85|90|95|100,12000,12000,12000
kaury-conjuntos-12000,KAURY,PROMO KAURY – CONJUNTOS,29-7080,Kaury,Kaury Varios,85|90|95|100,12000,12000,12000
kaury-conjuntos-12000,KAURY,PROMO KAURY – CONJUNTOS,29-8070,Kaury,Kaury Varios,85|90|95|100,12000,12000,12000
kaury-conjuntos-12000,KAURY,PROMO KAURY – CONJUNTOS,29-4440,Kaury,Kaury Varios,85|90|95|100,12000,12000,12000
kaury-conjuntos-12000,KAURY,PROMO KAURY – CONJUNTOS,29-8155,Kaury,Kaury Varios,85|90|95|100,12000,12000,12000
kaury-conjuntos-12000,KAURY,PROMO KAURY – CONJUNTOS,29-302,Kaury,Kaury Varios,85|90|95|100,12000,12000,12000
kaury-conjuntos-12000,KAURY,PROMO KAURY – CONJUNTOS,29-8178,Kaury,Kaury Varios,85|90|95|100,12000,12000,12000
kaury-conjuntos-12000,KAURY,PROMO KAURY – CONJUNTOS,29-8203,Kaury,Kaury Varios,85|90|95|100,12000,12000,12000
kaury-conjuntos-12000,KAURY,PROMO KAURY – CONJUNTOS,29-8092,Kaury,Kaury Varios,85|90|95|100,12000,12000,12000
kaury-conjuntos-12000,KAURY,PROMO KAURY – CONJUNTOS,29-8180,Kaury,Kaury Varios,85|90|95|100,12000,12000,12000
kaury-conjuntos-j107,KAURY,PROMO CONJUNTOS KAURY J107,29-J107,Conjunto KAURY J107,Conjuntos,85|90|95|100,11000,9000,6500
kaury-conjuntos-j107,KAURY,PROMO CONJUNTOS KAURY J107,29-J109,Conjunto KAURY J107,Conjuntos,85|90|95|100,11000,9000,6500
kaury-conjuntos-j37,KAURY,PROMO CONJUNTOS KAURY J37,29-J37,Conjunto KAURY J37,Conjuntos,85|90|95|100,9000,7500,6500
kaury-packs-varios,KAURY/NATUBEL,PROMO PACK KAURY Y NATUBEL,29-J35,Pack Kaury/Natubel,PACK,ÚNICO,5000,4000,3500
kaury-packs-varios,KAURY/NATUBEL,PROMO PACK KAURY Y NATUBEL,29-J34,Pack Kaury/Natubel,PACK,ÚNICO,5000,4000,3500
kaury-packs-varios,KAURY/NATUBEL,PROMO PACK KAURY Y NATUBEL,29-A2,Pack Kaury/Natubel,PACK,ÚNICO,5000,4000,3500
kaury-packs-varios,KAURY/NATUBEL,PROMO PACK KAURY Y NATUBEL,29-A3,Pack Kaury/Natubel,PACK,ÚNICO,5000,4000,3500
kaury-packs-varios,KAURY/NATUBEL,PROMO PACK KAURY Y NATUBEL,29-J4,Pack Kaury/Natubel,PACK,ÚNICO,5000,4000,3500
kaury-packs-varios,KAURY/NATUBEL,PROMO PACK KAURY Y NATUBEL,29-J6,Pack Kaury/Natubel,PACK,ÚNICO,5000,4000,3500
kaury-packs-varios,KAURY/NATUBEL,PROMO PACK KAURY Y NATUBEL,29-S23,Pack Kaury/Natubel,PACK,ÚNICO,5000,4000,3500
kaury-packs-varios,KAURY/NATUBEL,PROMO PACK KAURY Y NATUBEL,29-J5,Pack Kaury/Natubel,PACK,ÚNICO,5000,4000,3500
kaury-packs-varios,KAURY/NATUBEL,PROMO PACK KAURY Y NATUBEL,29-J28,Pack Kaury/Natubel,PACK,ÚNICO,5000,4000,3500
kaury-packs-varios,KAURY/NATUBEL,PROMO PACK KAURY Y NATUBEL,29-J55,Pack Kaury/Natubel,PACK,ÚNICO,5000,4000,3500
kaury-packs-varios,KAURY/NATUBEL,PROMO PACK KAURY Y NATUBEL,29-J72,Pack Kaury/Natubel,PACK,ÚNICO,5000,4000,3500
kaury-packs-varios,KAURY/NATUBEL,PROMO PACK KAURY Y NATUBEL,29-j92,Pack Kaury/Natubel,PACK,ÚNICO,5000,4000,3500
kaury-packs-varios,KAURY/NATUBEL,PROMO PACK KAURY Y NATUBEL,29-J29,Pack Kaury/Natubel,PACK,ÚNICO,5000,4000,3500
kaury-packs-varios,KAURY/NATUBEL,PROMO PACK KAURY Y NATUBEL,38-101,Pack Kaury/Natubel,PACK,ÚNICO,5000,4000,3500
kaury-conjuntos-otros,KAURY,PROMO CONJUNTOS KAURY,29-J77,Conjunto KAURY,Conjuntos,85|90|95|100,7500,6500,5500
kaury-conjuntos-otros,KAURY,PROMO CONJUNTOS KAURY,29-J12,Conjunto KAURY,Conjuntos,85|90|95|100,7500,6500,5500
kaury-conjuntos-otros,KAURY,PROMO CONJUNTOS KAURY,29-J14,Conjunto KAURY,Conjuntos,85|90|95|100,7500,6500,5500
kaury-conjuntos-otros,KAURY,PROMO CONJUNTOS KAURY,29-J15,Conjunto KAURY,Conjuntos,85|90|95|100,7500,6500,5500
kaury-pantuflas-nena,KAURY,PANTUFLAS NENA KAURY,29-302,Pantuflas nena,Pantuflas,6|8|10|12,8000,8000,8000
kaury-corset-body,KAURY,PROMO CORSET/BODY KAURY,29-8206,Corset/Body KAURY,Corset/Body,85|90|95|100,20000,20000,20000
kaury-corset-body,KAURY,PROMO CORSET/BODY KAURY,29-8177,Corset/Body KAURY,Corset/Body,85|90|95|100,20000,20000,20000
